ORDER DATE,ORDER NO,CUSTOMER NAME,BUS PNR,ORIGIN CITY,STATE,COUNTRY,ROUTE,FOOD POINT,ORDER ITEMS,ORDER TYPE,QUANTITY,CATEGORY,COUPON,PAYMENT MODE,SALES,RATING,RESTAURANT RATING,PROFIT
09-04-2019,MOR-4587,Gauransh Bedi,214246,DELHI,DELHI,INDIA,DELHI-LUCKNOW,SPINGO FOODS,TEA,DINE IN ,2,BEVERAGES,YES,CASH,40,4.4,3.2,4
09-04-2019,MOR-7473,Himanshu Lanka,214246,DELHI,DELHI,INDIA,DELHI-LUCKNOW,SPINGO FOODS,CHOWMIN,DINE OUT,1,FAST FOOD,YES,ONLINE,80,4.7,4.5,8
09-04-2019,MOR-4623,Naval Varma,214246,DELHI,DELHI,INDIA,DELHI-LUCKNOW,SPINGO FOODS,BURGER,DINE IN ,3,FAST FOOD,YES,CASH,240,3.8,3.9,24
09-04-2019,MOR-6171,Iqbal Badal,214246,DELHI,DELHI,INDIA,DELHI-LUCKNOW,SPINGO FOODS,PASTA,DINE OUT,2,FAST FOOD,YES,CASH,200,4.4,3.6,20
09-04-2019,MOR-4206,Parveen Dad,214246,DELHI,DELHI,INDIA,DELHI-LUCKNOW,SPINGO FOODS,CHOWMIN,DINE IN ,3,FAST FOOD,YES,CASH,240,4.4,3.7,24
09-04-2019,MOR-5728,Nishi Andra,214246,DELHI,DELHI,INDIA,DELHI-LUCKNOW,SPINGO FOODS,ALOO TIKKY,DINE IN ,4,INDIAN SNACKS,YES,CASH,240,3.6,4.4,24
09-04-2019,MOR-7540,Seema Bora,214246,DELHI,DELHI,INDIA,DELHI-LUCKNOW,SPINGO FOODS,CHOLEY SAMOSE,DINE IN ,3,INDIAN SNACKS,YES,CASH,120,4.4,4.1,12
09-04-2019,MOR-5727,Priyanka Dugar,214246,DELHI,DELHI,INDIA,DELHI-LUCKNOW,SPINGO FOODS,CHOLEY BHATUREY,DINE IN ,3,INDIAN SNACKS,NO,CASH,240,2.7,4,24
09-04-2019,MOR-7004,Manish Gera,214246,DELHI,DELHI,INDIA,DELHI-LUCKNOW,SPINGO FOODS,PAPDI CHAAT,DINE IN ,3,INDIAN SNACKS,NO,CASH,240,4.3,3.1,24
09-04-2019,MOR-4755,Mukti Desai,214246,DELHI,DELHI,INDIA,DELHI-LUCKNOW,SPINGO FOODS,PAO BHAJI,DINE OUT,2,INDIAN SNACKS,NO,CASH,180,3.5,4,18
09-04-2019,MOR-7818,Akhila Golla,214246,DELHI,DELHI,INDIA,DELHI-LUCKNOW,SPINGO FOODS,DAHI BHALLA,DINE OUT,1,INDIAN SNACKS,YES,CASH,70,2.8,2.8,7
09-04-2019,MOR-6218,Fatima Ramkissoon,214246,DELHI,DELHI,INDIA,DELHI-LUCKNOW,SPINGO FOODS,PEPSI,DINE IN ,1,BEVERAGES,YES,CASH,80,3.5,3.7,8
09-04-2019,MOR-7624,Nitika Ramroop,214246,DELHI,DELHI,INDIA,DELHI-LUCKNOW,SPINGO FOODS,COCACOLA,DINE IN ,1,BEVERAGES,YES,CASH,35,2.5,2.7,3.5
09-04-2019,MOR-7287,Rita Gobin,214246,DELHI,DELHI,INDIA,DELHI-LUCKNOW,SPINGO FOODS,COFFEE,DINE IN ,1,BEVERAGES,YES,CASH,40,3.4,3.9,4
08-04-2019,MOR-4898,Emran Ratti,214246,DELHI,DELHI,INDIA,DELHI-LUCKNOW,SPINGO FOODS,TEA,DINE IN ,1,BEVERAGES,YES,CASH,20,4.8,3.8,2
08-04-2019,MOR-5768,Anil Mannan,214246,DELHI,DELHI,INDIA,DELHI-LUCKNOW,SPINGO FOODS,CHOLEY SAMOSE,DINE OUT,1,INDIAN SNACKS,YES,CASH,40,4.7,3.6,4
08-04-2019,MOR-5538,Tushar Chia,214246,DELHI,DELHI,INDIA,DELHI-LUCKNOW,SPINGO FOODS,CHOLEY BHATUREY,DINE IN ,1,INDIAN SNACKS,YES,CASH,80,4.8,4.5,8
08-04-2019,MOR-5065,Savita Bhasin,214246,DELHI,DELHI,INDIA,DELHI-LUCKNOW,SPINGO FOODS,PAPDI CHAAT,DINE IN ,1,INDIAN SNACKS,NO,CASH,80,4.8,3.5,8
08-04-2019,MOR-7478,Diya Wagle,214246,DELHI,DELHI,INDIA,DELHI-LUCKNOW,SPINGO FOODS,DOSA,DINE IN ,1,SOUTH INDIAN,NO,CASH,80,4.7,4,8
08-04-2019,MOR-5354,Urmi Somani,214246,DELHI,DELHI,INDIA,DELHI-LUCKNOW,SPINGO FOODS,ALOO TIKKY,DINE IN ,1,INDIAN SNACKS,NO,CASH,60,4.1,3.1,6
08-04-2019,MOR-6993,Deep Pillay,214246,DELHI,DELHI,INDIA,DELHI-LUCKNOW,SPINGO FOODS,IDLI,DINE IN ,1,SOUTH INDIAN,YES,CASH,70,3.5,3.8,7
08-04-2019,MOR-5993,Rajendra Ganesan,214246,DELHI,DELHI,INDIA,DELHI-LUCKNOW,SPINGO FOODS,PAO BHAJI,DINE OUT,2,INDIAN SNACKS,YES,CASH,180,4.7,3.6,18
08-04-2019,MOR-5268,Dinesh Sahota,214246,DELHI,DELHI,INDIA,DELHI-LUCKNOW,SPINGO FOODS,DAHI BHALLA,DINE OUT,3,INDIAN SNACKS,YES,CASH,210,3.8,4.2,21
08-04-2019,MOR-4639,Hema Vora,214246,DELHI,DELHI,INDIA,DELHI-LUCKNOW,SPINGO FOODS,TEA,DINE IN ,3,BEVERAGES,YES,CASH,60,2.9,4.4,6
08-04-2019,MOR-4750,Aditya Palan,214246,DELHI,DELHI,INDIA,DELHI-LUCKNOW,SPINGO FOODS,COFFEE,DINE IN ,2,BEVERAGES,YES,CASH,80,4.5,4,8
08-04-2019,MOR-5229,Drishti Rege,214246,DELHI,DELHI,INDIA,DELHI-LUCKNOW,SPINGO FOODS,CHOWMIN,DINE IN ,2,FAST FOOD,YES,CASH,160,3.3,4.7,16
08-04-2019,MOR-6160,Hari Iyengar,214246,DELHI,DELHI,INDIA,DELHI-LUCKNOW,SPINGO FOODS,BURGER,DINE OUT,2,FAST FOOD,YES,CASH,160,4.1,3.1,16
08-04-2019,MOR-4937,Ragini Chada,214246,DELHI,DELHI,INDIA,DELHI-LUCKNOW,SPINGO FOODS,PASTA,DINE OUT,2,FAST FOOD,NO,CASH,200,2.5,3.1,20
08-04-2019,MOR-4700,Qabool Ramakrishnan,214246,DELHI,DELHI,INDIA,DELHI-LUCKNOW,SPINGO FOODS,MASALA DOSA,DINE IN ,2,SOUTH INDIAN,NO,CASH,200,4.7,4.1,20
08-04-2019,MOR-4209,Abhishek Balakrishnan,214246,DELHI,DELHI,INDIA,DELHI-LUCKNOW,SPINGO FOODS,DOSA,DINE IN ,2,SOUTH INDIAN,NO,CASH,160,3.5,4,16
08-04-2019,MOR-6645,Mayawati Raja,214246,DELHI,DELHI,INDIA,DELHI-LUCKNOW,SPINGO FOODS,MASALA DOSA,DINE IN ,1,SOUTH INDIAN,YES,CASH,100,4.7,3.1,10
08-04-2019,MOR-4131,Amrit Rampersad,214246,DELHI,DELHI,INDIA,DELHI-LUCKNOW,SPINGO FOODS,UTTAPAM,DINE OUT,1,SOUTH INDIAN,YES,CASH,120,3.5,4.7,12
08-04-2019,MOR-5855,Aslam Sarin,214246,DELHI,DELHI,INDIA,DELHI-LUCKNOW,SPINGO FOODS,UTTAPAM,DINE IN ,1,SOUTH INDIAN,YES,CASH,120,4.7,3.1,12
08-04-2019,MOR-5819,Lata Lall,214246,DELHI,DELHI,INDIA,DELHI-LUCKNOW,SPINGO FOODS,UTTAPAM,DINE IN ,1,SOUTH INDIAN,YES,CASH,120,2.5,3.1,12
07-04-2019,MOR-5659,Gajendra Khalsa,214246,DELHI,DELHI,INDIA,DELHI-LUCKNOW,SPINGO FOODS,DOSA,DINE IN ,1,SOUTH INDIAN,YES,CASH,80,4.5,3.8,8
07-04-2019,MOR-7352,Elias Nadkarni,214246,DELHI,DELHI,INDIA,DELHI-LUCKNOW,SPINGO FOODS,ALOO TIKKY,DINE IN ,4,INDIAN SNACKS,YES,CASH,240,4.7,5,24
07-04-2019,MOR-5925,Preshita Kant,214246,DELHI,DELHI,INDIA,DELHI-LUCKNOW,SPINGO FOODS,CHOWMIN,DINE IN ,2,FAST FOOD,YES,CASH,160,4.8,4.4,16
07-04-2019,MOR-7212,Aishwarya Chaudry,214246,DELHI,DELHI,INDIA,DELHI-LUCKNOW,SPINGO FOODS,BURGER,DINE OUT,3,FAST FOOD,NO,CASH,240,3.5,3.1,24
07-04-2019,MOR-7248,Natwar Bora,214246,DELHI,DELHI,INDIA,DELHI-LUCKNOW,SPINGO FOODS,PASTA,DINE OUT,2,FAST FOOD,NO,CASH,200,3.5,3.1,20
07-04-2019,MOR-6362,Indira Kuruvilla,214246,DELHI,DELHI,INDIA,DELHI-LUCKNOW,SPINGO FOODS,VEG THALI,DINE IN ,1,NORTH INDIAN,NO,CASH,120,3.5,4,12
07-04-2019,MOR-4637,Roma Chauhan,214246,DELHI,DELHI,INDIA,DELHI-LUCKNOW,SPINGO FOODS,VEG THALI,DINE IN ,2,NORTH INDIAN,YES,CASH,240,4.2,3.1,24
07-04-2019,MOR-6991,Sumit Nayar,214246,DELHI,DELHI,INDIA,DELHI-LUCKNOW,SPINGO FOODS,VEG THALI,DINE IN ,1,NORTH INDIAN,YES,CASH,120,4.9,3.8,12
07-04-2019,MOR-7295,Ritika Mital,214246,DELHI,DELHI,INDIA,DELHI-LUCKNOW,SPINGO FOODS,SPECIAL VEG THALI,DINE OUT,1,NORTH INDIAN,YES,CASH,200,3.8,4.1,20
07-04-2019,MOR-6096,Nirmal Lall,214246,DELHI,DELHI,INDIA,DELHI-LUCKNOW,SPINGO FOODS,RAJMA RICE,DINE OUT,2,NORTH INDIAN,YES,CASH,200,4.2,4.3,20
07-04-2019,MOR-5263,Priyanka Persaud,214246,DELHI,DELHI,INDIA,DELHI-LUCKNOW,SPINGO FOODS,RAJMA RICE,DINE IN ,1,NORTH INDIAN,YES,CASH,100,4.4,3.1,10
07-04-2019,MOR-7292,Chitra Dyal,214246,DELHI,DELHI,INDIA,DELHI-LUCKNOW,SPINGO FOODS,CHOLEY RICE,DINE IN ,1,NORTH INDIAN,YES,CASH,100,4.4,4.5,10
07-04-2019,MOR-6999,Aishwarya Sankaran,214246,DELHI,DELHI,INDIA,DELHI-LUCKNOW,SPINGO FOODS,KADI RICE,DINE IN ,1,NORTH INDIAN,YES,CASH,80,4.3,4.4,8
07-04-2019,MOR-5400,Owais Kibe,214246,DELHI,DELHI,INDIA,DELHI-LUCKNOW,SPINGO FOODS,VEG PULAO,DINE OUT,1,NORTH INDIAN,NO,CASH,120,4.5,3.4,12
07-04-2019,MOR-6443,Giaan Sharma,214246,DELHI,DELHI,INDIA,DELHI-LUCKNOW,SPINGO FOODS,VEG THALI,DINE IN ,1,NORTH INDIAN,NO,CASH,120,4.4,4.1,12
07-04-2019,MOR-6421,Mitesh Rattan,214246,DELHI,DELHI,INDIA,DELHI-LUCKNOW,SPINGO FOODS,VEG THALI,DINE IN ,1,NORTH INDIAN,NO,CASH,120,3.5,4.1,12
07-04-2019,MOR-7602,Uma Bhattacharyya,214246,DELHI,DELHI,INDIA,DELHI-LUCKNOW,SPINGO FOODS,SPECIAL VEG THALI,DINE IN ,1,NORTH INDIAN,YES,CASH,200,3.9,3.8,20
07-04-2019,MOR-4437,Animesh Malpani,214246,DELHI,DELHI,INDIA,DELHI-LUCKNOW,SPINGO FOODS,RAJMA RICE,DINE OUT,1,NORTH INDIAN,YES,CASH,100,4.4,4.3,10
07-04-2019,MOR-4330,Neerendra Iyengar,214246,DELHI,DELHI,INDIA,DELHI-LUCKNOW,SPINGO FOODS,RAJMA RICE,DINE IN ,1,NORTH INDIAN,YES,CASH,100,4.3,4.4,10
07-04-2019,MOR-5102,Devika Uppal,214246,DELHI,DELHI,INDIA,DELHI-LUCKNOW,SPINGO FOODS,CHOLEY RICE,DINE OUT,1,NORTH INDIAN,YES,CASH,100,4.4,4.4,10
07-04-2019,MOR-6462,Ibrahim Manda,214246,DELHI,DELHI,INDIA,DELHI-LUCKNOW,SPINGO FOODS,KADI RICE,DINE IN ,1,NORTH INDIAN,YES,CASH,80,4.2,4.8,8
07-04-2019,MOR-5724,Nazir Agrawal,214246,DELHI,DELHI,INDIA,DELHI-LUCKNOW,SPINGO FOODS,RAJMA RICE,DINE IN ,1,NORTH INDIAN,YES,CASH,100,4.4,3.3,10
07-04-2019,MOR-7786,Ambika Barman,214246,DELHI,DELHI,INDIA,DELHI-LUCKNOW,SPINGO FOODS,RAJMA RICE,DINE IN ,1,NORTH INDIAN,YES,CASH,100,4,3.3,10
07-04-2019,MOR-6935,Trishana Sabharwal,214246,DELHI,DELHI,INDIA,DELHI-LUCKNOW,SPINGO FOODS,CHOLEY RICE,DINE IN ,1,NORTH INDIAN,NO,CASH,100,4.2,4.4,10
06-04-2019,MOR-5588,Ankita Seth,214246,DELHI,DELHI,INDIA,DELHI-LUCKNOW,SPINGO FOODS,KADI RICE,DINE IN ,1,NORTH INDIAN,NO,CASH,80,3.8,3.7,8
06-04-2019,MOR-6847,Nazir Raval,214246,DELHI,DELHI,INDIA,DELHI-LUCKNOW,SPINGO FOODS,KADI RICE,DINE OUT,1,NORTH INDIAN,NO,CASH,80,4.5,3.4,8
06-04-2019,MOR-4144,Rahim Kara,214246,DELHI,DELHI,INDIA,DELHI-LUCKNOW,SPINGO FOODS,IDLI,DINE OUT,1,SOUTH INDIAN,YES,CASH,70,4.7,2.3,7
06-04-2019,MOR-4331,Yamini Bhat,214246,DELHI,DELHI,INDIA,DELHI-LUCKNOW,SPINGO FOODS,DOSA,DINE IN ,1,SOUTH INDIAN,YES,CASH,80,4.5,3.3,8
06-04-2019,MOR-6151,Himani Varghese,214246,DELHI,DELHI,INDIA,DELHI-LUCKNOW,SPINGO FOODS,MASALA DOSA,DINE IN ,1,SOUTH INDIAN,YES,CASH,100,4.3,2.7,10
06-04-2019,MOR-4029,Sukriti Verma,214246,DELHI,DELHI,INDIA,DELHI-LUCKNOW,SPINGO FOODS,MASALA DOSA,DINE IN ,1,SOUTH INDIAN,YES,CASH,100,4.2,3.1,10
06-04-2019,MOR-5907,Sapna Panchal,214246,DELHI,DELHI,INDIA,DELHI-LUCKNOW,SPINGO FOODS,RAJMA RICE,DINE IN ,2,NORTH INDIAN,YES,CASH,200,4.3,4.6,20
06-04-2019,MOR-4246,Lata Master,214246,DELHI,DELHI,INDIA,DELHI-LUCKNOW,SPINGO FOODS,RAJMA RICE,DINE OUT,2,NORTH INDIAN,YES,CASH,200,4.7,3.5,20
06-04-2019,MOR-5942,Jawahar Raghavan,214246,DELHI,DELHI,INDIA,DELHI-LUCKNOW,SPINGO FOODS,CHOLEY RICE,DINE IN ,2,NORTH INDIAN,YES,CASH,200,4.7,3.4,20
06-04-2019,MOR-4951,Sona Nayar,214246,DELHI,DELHI,INDIA,DELHI-LUCKNOW,SPINGO FOODS,KADI RICE,DINE IN ,2,NORTH INDIAN,NO,CASH,160,3.5,4.3,16
06-04-2019,MOR-6460,Yadunandan Hari,214246,DELHI,DELHI,INDIA,DELHI-LUCKNOW,SPINGO FOODS,RAJMA RICE,DINE IN ,2,NORTH INDIAN,NO,CASH,200,3.5,4.1,20
06-04-2019,MOR-5255,Nishi Agate,214246,DELHI,DELHI,INDIA,DELHI-LUCKNOW,SPINGO FOODS,RAJMA RICE,DINE IN ,2,NORTH INDIAN,NO,ONLINE,200,3.5,4.7,20
06-04-2019,MOR-5594,Aditya Batta,214246,DELHI,DELHI,INDIA,DELHI-LUCKNOW,SPINGO FOODS,CHOLEY RICE,DINE IN ,2,NORTH INDIAN,YES,ONLINE,200,4.5,4.4,20
06-04-2019,MOR-5076,Falguni Radhakrishnan,214246,DELHI,DELHI,INDIA,DELHI-LUCKNOW,SPINGO FOODS,KADI RICE,DINE OUT,2,NORTH INDIAN,YES,ONLINE,160,4.4,3.8,16
06-04-2019,MOR-6764,Neerendra Patel,214246,DELHI,DELHI,INDIA,DELHI-LUCKNOW,SPINGO FOODS,KADI RICE,DINE OUT,2,NORTH INDIAN,YES,ONLINE,160,3.5,3,16
06-04-2019,MOR-6561,Priyanka Pai,214246,DELHI,DELHI,INDIA,DELHI-LUCKNOW,SPINGO FOODS,TEA,DINE IN ,1,BEVERAGES,YES,ONLINE,20,4.5,4.4,2
06-04-2019,MOR-4473,Labeen Gandhi,214246,DELHI,DELHI,INDIA,DELHI-LUCKNOW,SPINGO FOODS,ALOO TIKKY,DINE IN ,1,INDIAN SNACKS,YES,ONLINE,60,4.5,4.2,6
06-04-2019,MOR-4859,Pamela Bava,214246,DELHI,DELHI,INDIA,DELHI-LUCKNOW,SPINGO FOODS,CHOLEY SAMOSE,DINE IN ,1,INDIAN SNACKS,YES,ONLINE,40,4.2,4.5,4
06-04-2019,MOR-4547,Esha Brahmbhatt,214246,DELHI,DELHI,INDIA,DELHI-LUCKNOW,SPINGO FOODS,CHOLEY BHATUREY,DINE OUT,1,INDIAN SNACKS,YES,ONLINE,80,4.4,3.5,8
05-04-2019,MOR-6511,Leela Soman,214246,DELHI,DELHI,INDIA,DELHI-LUCKNOW,SPINGO FOODS,PAPDI CHAAT,DINE OUT,1,INDIAN SNACKS,NO,ONLINE,80,4.4,4.5,8
05-04-2019,MOR-6324,Kasturi Saha,214246,DELHI,DELHI,INDIA,DELHI-LUCKNOW,SPINGO FOODS,PAO BHAJI,DINE IN ,1,INDIAN SNACKS,NO,ONLINE,90,0,4.3,9
05-04-2019,MOR-7986,Ghalib Rao,214246,DELHI,DELHI,INDIA,DELHI-LUCKNOW,SPINGO FOODS,DAHI BHALLA,DINE IN ,1,INDIAN SNACKS,NO,ONLINE,70,4.5,4.5,7
05-04-2019,MOR-7610,Kunti Banerjee,214246,DELHI,DELHI,INDIA,DELHI-LUCKNOW,SPINGO FOODS,VEG THALI,DINE IN ,1,NORTH INDIAN,YES,ONLINE,120,4.1,3.1,12
05-04-2019,MOR-8000,Devendra Dodiya,214246,DELHI,DELHI,INDIA,DELHI-LUCKNOW,SPINGO FOODS,VEG THALI,DINE OUT,1,NORTH INDIAN,YES,ONLINE,120,4,4.5,12
05-04-2019,MOR-4963,Narmada Cherian,214246,DELHI,DELHI,INDIA,DELHI-LUCKNOW,SPINGO FOODS,PEPSI,DINE IN ,1,BEVERAGES,YES,ONLINE,80,4.1,4,8
05-04-2019,MOR-7915,Chand Padmanabhan,214246,DELHI,DELHI,INDIA,DELHI-LUCKNOW,SPINGO FOODS,COFFEE,DINE IN ,1,BEVERAGES,YES,ONLINE,40,4.3,4.8,4
05-04-2019,MOR-6619,Ghalib Venkataraman,214246,DELHI,DELHI,INDIA,DELHI-LUCKNOW,SPINGO FOODS,VEG THALI,DINE IN ,1,NORTH INDIAN,YES,ONLINE,120,4.3,3.1,12
05-04-2019,MOR-5581,Rehman Sankar,214246,DELHI,DELHI,INDIA,DELHI-LUCKNOW,SPINGO FOODS,SPECIAL VEG THALI,DINE IN ,1,NORTH INDIAN,YES,ONLINE,200,4.3,4.3,20
05-04-2019,MOR-6751,Kamini Dutta,214246,DELHI,DELHI,INDIA,DELHI-LUCKNOW,SPINGO FOODS,SPECIAL VEG THALI,DINE IN ,1,NORTH INDIAN,YES,ONLINE,200,4.5,1.7,20
05-04-2019,MOR-5380,Chhavi Hegde,214246,DELHI,DELHI,INDIA,DELHI-LUCKNOW,SPINGO FOODS,CHOLEY BHATUREY,DINE OUT,1,INDIAN SNACKS,NO,ONLINE,80,3.5,4.3,8
05-04-2019,MOR-6853,Usha Tata,214246,DELHI,DELHI,INDIA,DELHI-LUCKNOW,SPINGO FOODS,GULAB JAMUN,DINE OUT,1,SWEETS,NO,ONLINE,20,4.1,4.2,2
04-04-2019,MOR-7590,Hina Mogul,214246,DELHI,DELHI,INDIA,DELHI-LUCKNOW,SPINGO FOODS,CHOLEY BHATUREY,DINE IN ,1,INDIAN SNACKS,NO,ONLINE,80,3.5,3.1,8
04-04-2019,MOR-6518,Kalyani Kadakia,214246,DELHI,DELHI,INDIA,DELHI-LUCKNOW,SPINGO FOODS,RASGULLA,DINE IN ,2,SWEETS,YES,ONLINE,40,4.7,4.2,4
04-04-2019,MOR-7944,Mukti Bhalla,214246,DELHI,DELHI,INDIA,DELHI-LUCKNOW,SPINGO FOODS,RASGULLA,DINE IN ,2,SWEETS,YES,ONLINE,40,4.7,4.3,4
04-04-2019,MOR-7026,Nancy Sastry,214246,DELHI,DELHI,INDIA,DELHI-LUCKNOW,SPINGO FOODS,RASMALAI,DINE OUT,2,SWEETS,YES,ONLINE,60,4.3,3.1,6
04-04-2019,MOR-6416,Aabha Natarajan,214246,DELHI,DELHI,INDIA,DELHI-LUCKNOW,SPINGO FOODS,ALOO TIKKY,DINE OUT,1,INDIAN SNACKS,YES,ONLINE,60,4.7,4,6
03-04-2019,MOR-6088,Yadunandan Atwal,214246,DELHI,DELHI,INDIA,DELHI-LUCKNOW,SPINGO FOODS,CHOLEY SAMOSE,DINE IN ,3,INDIAN SNACKS,YES,ONLINE,120,3.5,4.2,12
03-04-2019,MOR-5939,Chitra Philip,214246,DELHI,DELHI,INDIA,DELHI-LUCKNOW,SPINGO FOODS,CHOLEY BHATUREY,DINE IN ,3,INDIAN SNACKS,YES,ONLINE,120,3.5,4.6,12
03-04-2019,MOR-7646,Binod Pai,214246,DELHI,DELHI,INDIA,DELHI-LUCKNOW,SPINGO FOODS,PAPDI CHAAT,DINE IN ,3,INDIAN SNACKS,YES,ONLINE,240,3.5,4.1,24
03-04-2019,MOR-7188,Divya Tella,214246,DELHI,DELHI,INDIA,DELHI-LUCKNOW,SPINGO FOODS,DOSA,DINE OUT,4,SOUTH INDIAN,NO,ONLINE,320,4.3,4.6,32
03-04-2019,MOR-4061,Pinky Deol,214246,DELHI,DELHI,INDIA,DELHI-LUCKNOW,SPINGO FOODS,IDLI,DINE IN ,2,SOUTH INDIAN,NO,ONLINE,140,4.2,4.1,14
03-04-2019,MOR-4109,Sameera Puri,214246,DELHI,DELHI,INDIA,DELHI-LUCKNOW,SPINGO FOODS,UTTAPAM,DINE IN ,1,SOUTH INDIAN,NO,ONLINE,120,4,4,12
03-04-2019,MOR-7682,Jawahar Jacob,214246,DELHI,DELHI,INDIA,DELHI-LUCKNOW,SPINGO FOODS,DOSA,DINE IN ,2,SOUTH INDIAN,YES,ONLINE,160,4.5,3.1,16
02-04-2019,MOR-4785,Yogesh Rai,214246,DELHI,DELHI,INDIA,DELHI-LUCKNOW,SPINGO FOODS,MASALA DOSA,DINE OUT,2,SOUTH INDIAN,YES,CASH,200,4.2,3.3,20
02-04-2019,MOR-5056,Hetan Sundaram,214246,DELHI,DELHI,INDIA,DELHI-LUCKNOW,SPINGO FOODS,MASALA DOSA,DINE IN ,2,SOUTH INDIAN,YES,CASH,200,4.1,4.1,20
02-04-2019,MOR-6871,Radha Chada,214246,DELHI,DELHI,INDIA,DELHI-LUCKNOW,SPINGO FOODS,BURGER,DINE OUT,2,FAST FOOD,YES,CASH,160,4.4,3.1,16
02-04-2019,MOR-4259,Prabha Pant,214246,DELHI,DELHI,INDIA,DELHI-LUCKNOW,SPINGO FOODS,PASTA,DINE IN ,2,FAST FOOD,YES,CASH,400,4,3.1,40
02-04-2019,MOR-4399,Ananya Dial,214246,DELHI,DELHI,INDIA,DELHI-LUCKNOW,SPINGO FOODS,PEPSI,DINE IN ,1,BEVERAGES,YES,CASH,80,4.5,4,8
02-04-2019,MOR-6437,Veena Vaidya,214246,DELHI,DELHI,INDIA,DELHI-LUCKNOW,SPINGO FOODS,COCACOLA,DINE IN ,2,BEVERAGES,YES,CASH,140,4.4,3.1,14
02-04-2019,MOR-6700,Narayan Sarin,214246,DELHI,DELHI,INDIA,DELHI-LUCKNOW,SPINGO FOODS,ALOO TIKKY,DINE IN ,2,INDIAN SNACKS,NO,CASH,240,4,3.1,24
02-04-2019,MOR-5031,Nalini Dayal,214246,DELHI,DELHI,INDIA,DELHI-LUCKNOW,SPINGO FOODS,CHOLEY SAMOSE,DINE IN ,2,INDIAN SNACKS,NO,CASH,160,4.2,4.4,16
01-04-2019,MOR-6899,Iqbal Bhargava,214246,DELHI,DELHI,INDIA,DELHI-LUCKNOW,SPINGO FOODS,CHOLEY BHATUREY,DINE OUT,2,INDIAN SNACKS,NO,CASH,160,4.4,4.2,16
01-04-2019,MOR-6890,Rajesh Wadhwa,214246,DELHI,DELHI,INDIA,DELHI-LUCKNOW,SPINGO FOODS,PAPDI CHAAT,DINE OUT,2,INDIAN SNACKS,YES,CASH,160,4.5,3.8,16
01-04-2019,MOR-5145,Alex Subramaniam,214246,DELHI,DELHI,INDIA,DELHI-LUCKNOW,SPINGO FOODS,PAO BHAJI,DINE IN ,2,INDIAN SNACKS,YES,CASH,180,4.4,3.1,18
01-04-2019,MOR-7926,Lalit Wadhwa,214246,DELHI,DELHI,INDIA,DELHI-LUCKNOW,SPINGO FOODS,DAHI BHALLA,DINE IN ,2,INDIAN SNACKS,YES,CASH,140,4,3.1,14
01-04-2019,MOR-4770,Mohan Char,214246,DELHI,DELHI,INDIA,DELHI-LUCKNOW,SPINGO FOODS,BESAN LADDU,DINE IN ,2,SWEETS,YES,CASH,20,3.5,5,2
01-04-2019,MOR-6011,Tanuja Mogul,214246,DELHI,DELHI,INDIA,DELHI-LUCKNOW,SPINGO FOODS,BESAN LADDU,DINE IN ,2,SWEETS,YES,CASH,20,4.4,4.2,2
01-04-2019,MOR-5350,Gowri Dial,214246,DELHI,DELHI,INDIA,DELHI-LUCKNOW,SPINGO FOODS,RASMALAI,DINE OUT,1,SWEETS,YES,ONLINE,30,4.7,4.7,3
01-04-2019,MOR-7713,Aarif Aggarwal,214246,DELHI,DELHI,INDIA,DELHI-LUCKNOW,SPINGO FOODS,IDLI,DINE IN ,1,SOUTH INDIAN,YES,CASH,70,4.7,4.4,7
01-04-2019,MOR-4355,Kalpana Nori,214246,DELHI,DELHI,INDIA,DELHI-LUCKNOW,SPINGO FOODS,CHOLEY BHATUREY,DINE IN ,1,INDIAN SNACKS,NO,CASH,80,4.3,4.6,8
01-04-2019,MOR-6918,Tanuja Ganesan,214246,DELHI,DELHI,INDIA,DELHI-LUCKNOW,SPINGO FOODS,DOSA,DINE IN ,1,SOUTH INDIAN,NO,CASH,80,4.1,4.4,8
01-04-2019,MOR-6636,Vijayent Shankar,201099,LUCKNOW,UTTAR PRADESH,INDIA,LUCKNOW-DELHI,SPINGO FOODS,MASALA DOSA,DINE IN ,1,SOUTH INDIAN,NO,CASH,100,4.2,2.9,10
01-04-2019,MOR-6277,Kunti Khan,201099,LUCKNOW,UTTAR PRADESH,INDIA,LUCKNOW-DELHI,SPINGO FOODS,CHOLEY BHATUREY,DINE IN ,1,INDIAN SNACKS,NO,CASH,80,4.3,2.7,8
31-03-2019,MOR-6353,Leela Pau,201099,LUCKNOW,UTTAR PRADESH,INDIA,LUCKNOW-DELHI,SPINGO FOODS,TEA,DINE OUT,1,BEVERAGES,NO,CASH,20,4.3,3.1,2
31-03-2019,MOR-4551,Alaknanda Wason,201099,LUCKNOW,UTTAR PRADESH,INDIA,LUCKNOW-DELHI,SPINGO FOODS,CHOLEY BHATUREY,DINE OUT,1,INDIAN SNACKS,NO,CASH,80,4.3,4.6,8
31-03-2019,MOR-4157,Sushmita Kata,201099,LUCKNOW,UTTAR PRADESH,INDIA,LUCKNOW-DELHI,SPINGO FOODS,CHOLEY BHATUREY,DINE IN ,1,INDIAN SNACKS,NO,CASH,80,4,4,8
31-03-2019,MOR-4241,Nishi Krishnamurthy,201099,LUCKNOW,UTTAR PRADESH,INDIA,LUCKNOW-DELHI,SPINGO FOODS,CHOLEY BHATUREY,DINE IN ,1,INDIAN SNACKS,NO,CASH,80,4.2,3.8,8
31-03-2019,MOR-5758,Gunjan Keer,201099,LUCKNOW,UTTAR PRADESH,INDIA,LUCKNOW-DELHI,SPINGO FOODS,ALOO TIKKY,DINE IN ,1,INDIAN SNACKS,YES,CASH,60,4.3,4.8,6
31-03-2019,MOR-7802,Binod Om,201099,LUCKNOW,UTTAR PRADESH,INDIA,LUCKNOW-DELHI,SPINGO FOODS,CHOLEY SAMOSE,DINE OUT,1,INDIAN SNACKS,YES,CASH,40,4.5,5,4
31-03-2019,MOR-4450,Nishtha Boase,201099,LUCKNOW,UTTAR PRADESH,INDIA,LUCKNOW-DELHI,SPINGO FOODS,CHOLEY BHATUREY,DINE OUT,1,INDIAN SNACKS,YES,CASH,80,3.5,3.9,8
31-03-2019,MOR-4292,Urvashi Kalita,201099,LUCKNOW,UTTAR PRADESH,INDIA,LUCKNOW-DELHI,SPINGO FOODS,CHOWMIN,DINE IN ,1,FAST FOOD,NO,CASH,80,3.6,4.2,8
31-03-2019,MOR-6857,Raju Srinivasan,201099,LUCKNOW,UTTAR PRADESH,INDIA,LUCKNOW-DELHI,SPINGO FOODS,BURGER,DINE IN ,1,FAST FOOD,YES,CASH,80,4.3,4.1,8
31-03-2019,MOR-6298,Uma Mishra,201099,LUCKNOW,UTTAR PRADESH,INDIA,LUCKNOW-DELHI,SPINGO FOODS,PASTA,DINE IN ,1,FAST FOOD,NO,CASH,100,4.3,4.7,10
31-03-2019,MOR-6912,Shanti Nanda,201099,LUCKNOW,UTTAR PRADESH,INDIA,LUCKNOW-DELHI,SPINGO FOODS,PASTA,DINE OUT,1,FAST FOOD,NO,CASH,100,4.2,4.2,10
31-03-2019,MOR-5909,Nikita Mallick,201099,LUCKNOW,UTTAR PRADESH,INDIA,LUCKNOW-DELHI,SPINGO FOODS,PASTA,DINE IN ,1,FAST FOOD,NO,CASH,100,4.4,4.2,10
31-03-2019,MOR-5674,Himanshu Bhakta,201099,LUCKNOW,UTTAR PRADESH,INDIA,LUCKNOW-DELHI,SPINGO FOODS,PASTA,DINE IN ,1,FAST FOOD,YES,CASH,100,4.1,3.7,10
31-03-2019,MOR-7022,Aruna Patla,201099,LUCKNOW,UTTAR PRADESH,INDIA,LUCKNOW-DELHI,SPINGO FOODS,BURGER,DINE IN ,1,FAST FOOD,YES,CASH,80,4.1,4.1,8
31-03-2019,MOR-6587,Radha Sandhu,201099,LUCKNOW,UTTAR PRADESH,INDIA,LUCKNOW-DELHI,SPINGO FOODS,CHOLEY BHATUREY,DINE IN ,1,INDIAN SNACKS,YES,CASH,80,4.2,4.1,8
31-03-2019,MOR-6732,Himani Nayak,201099,LUCKNOW,UTTAR PRADESH,INDIA,LUCKNOW-DELHI,SPINGO FOODS,CHOLEY BHATUREY,DINE IN ,1,INDIAN SNACKS,YES,CASH,80,3.9,3.8,8
31-03-2019,MOR-6759,Abhishek Biyani,201099,LUCKNOW,UTTAR PRADESH,INDIA,LUCKNOW-DELHI,SPINGO FOODS,ALOO TIKKY,DINE OUT,1,INDIAN SNACKS,YES,CASH,60,4.2,4.6,6
30-03-2019,MOR-6892,Kirti Subramanian,201099,LUCKNOW,UTTAR PRADESH,INDIA,LUCKNOW-DELHI,SPINGO FOODS,ALOO TIKKY,DINE OUT,1,INDIAN SNACKS,YES,CASH,60,3.7,3.1,6
30-03-2019,MOR-7046,John Raju,201099,LUCKNOW,UTTAR PRADESH,INDIA,LUCKNOW-DELHI,SPINGO FOODS,CHOLEY SAMOSE,DINE IN ,1,INDIAN SNACKS,YES,CASH,40,4.5,4.4,4
30-03-2019,MOR-4752,Bhola Thaman,201099,LUCKNOW,UTTAR PRADESH,INDIA,LUCKNOW-DELHI,SPINGO FOODS,CHOLEY BHATUREY,DINE IN ,1,INDIAN SNACKS,NO,CASH,80,3.7,4.2,8
30-03-2019,MOR-4615,Leela Arya,201099,LUCKNOW,UTTAR PRADESH,INDIA,LUCKNOW-DELHI,SPINGO FOODS,MASALA DOSA,DINE IN ,1,SOUTH INDIAN,NO,CASH,100,3.8,4.4,10
30-03-2019,MOR-5471,Julie Tripathi,201099,LUCKNOW,UTTAR PRADESH,INDIA,LUCKNOW-DELHI,SPINGO FOODS,MASALA DOSA,DINE OUT,1,SOUTH INDIAN,NO,CASH,100,4.3,3.1,10
30-03-2019,MOR-5183,Suraj Handa,201099,LUCKNOW,UTTAR PRADESH,INDIA,LUCKNOW-DELHI,SPINGO FOODS,DOSA,DINE OUT,1,SOUTH INDIAN,YES,CASH,80,3,3.1,8
30-03-2019,MOR-6852,Abdul Mahabir,201099,LUCKNOW,UTTAR PRADESH,INDIA,LUCKNOW-DELHI,SPINGO FOODS,PEPSI,DINE IN ,1,BEVERAGES,YES,CASH,80,4.1,4.6,8
30-03-2019,MOR-5286,Mukti Chand,201099,LUCKNOW,UTTAR PRADESH,INDIA,LUCKNOW-DELHI,SPINGO FOODS,COFFEE,DINE IN ,1,BEVERAGES,YES,CASH,40,4.2,5,4
30-03-2019,MOR-4650,Daanish Kale,201099,LUCKNOW,UTTAR PRADESH,INDIA,LUCKNOW-DELHI,SPINGO FOODS,MASALA DOSA,DINE IN ,1,SOUTH INDIAN,YES,CASH,100,4.1,3.1,10
30-03-2019,MOR-7960,Rashid Thakur,201099,LUCKNOW,UTTAR PRADESH,INDIA,LUCKNOW-DELHI,SPINGO FOODS,MASALA DOSA,DINE OUT,1,SOUTH INDIAN,YES,CASH,100,3.9,4.5,10
30-03-2019,MOR-7922,Harbhajan Dora,201099,LUCKNOW,UTTAR PRADESH,INDIA,LUCKNOW-DELHI,SPINGO FOODS,DOSA,DINE IN ,1,SOUTH INDIAN,YES,CASH,80,4,3.1,8
30-03-2019,MOR-7758,Tabeed Pathak,201099,LUCKNOW,UTTAR PRADESH,INDIA,LUCKNOW-DELHI,SPINGO FOODS,CHOLEY BHATUREY,DINE IN ,1,INDIAN SNACKS,YES,CASH,80,4.4,3.5,8
30-03-2019,MOR-6873,Dhanush Joshi,201099,LUCKNOW,UTTAR PRADESH,INDIA,LUCKNOW-DELHI,SPINGO FOODS,CHOLEY BHATUREY,DINE IN ,1,INDIAN SNACKS,NO,CASH,80,4.2,3.1,8
30-03-2019,MOR-5762,Vicky Luthra,201099,LUCKNOW,UTTAR PRADESH,INDIA,LUCKNOW-DELHI,SPINGO FOODS,CHOLEY BHATUREY,DINE IN ,1,INDIAN SNACKS,NO,CASH,80,4,3.9,8
30-03-2019,MOR-7360,Yogesh Master,201099,LUCKNOW,UTTAR PRADESH,INDIA,LUCKNOW-DELHI,SPINGO FOODS,RASMALAI,DINE IN ,1,SWEETS,NO,CASH,30,3.9,4.4,3
30-03-2019,MOR-6434,Nayan Halder,201099,LUCKNOW,UTTAR PRADESH,INDIA,LUCKNOW-DELHI,SPINGO FOODS,RASGULLA,DINE IN ,1,SWEETS,YES,CASH,20,4,3,2
30-03-2019,MOR-7895,Mehul Agarwal,201099,LUCKNOW,UTTAR PRADESH,INDIA,LUCKNOW-DELHI,SPINGO FOODS,GULAB JAMUN,DINE IN ,1,SWEETS,YES,CASH,20,4.2,3.1,2
29-03-2019,MOR-4821,Govind Deshmukh,201099,LUCKNOW,UTTAR PRADESH,INDIA,LUCKNOW-DELHI,SPINGO FOODS,CHOLEY BHATUREY,DINE IN ,1,INDIAN SNACKS,YES,CASH,80,4,3.1,8
29-03-2019,MOR-7114,Chandni Kumer,201099,LUCKNOW,UTTAR PRADESH,INDIA,LUCKNOW-DELHI,SPINGO FOODS,VEG PULAO,DINE IN ,1,NORTH INDIAN,YES,CASH,120,4.3,4.4,12
29-03-2019,MOR-6264,Aadil Bhatnagar,201099,LUCKNOW,UTTAR PRADESH,INDIA,LUCKNOW-DELHI,SPINGO FOODS,VEG PULAO,DINE IN ,1,NORTH INDIAN,YES,CASH,120,3.9,3.1,12
29-03-2019,MOR-5200,Radha Barad,201099,LUCKNOW,UTTAR PRADESH,INDIA,LUCKNOW-DELHI,SPINGO FOODS,VEG THALI,DINE IN ,1,NORTH INDIAN,YES,CASH,120,4.2,3,12
29-03-2019,MOR-6863,Payal Devi,201099,LUCKNOW,UTTAR PRADESH,INDIA,LUCKNOW-DELHI,SPINGO FOODS,IDLI,DINE IN ,1,SOUTH INDIAN,YES,CASH,70,4.4,3.1,7
29-03-2019,MOR-6538,Srinivasan Venkataraman,201099,LUCKNOW,UTTAR PRADESH,INDIA,LUCKNOW-DELHI,SPINGO FOODS,CHOLEY RICE,DINE IN ,1,NORTH INDIAN,NO,CASH,100,4.3,3.1,10
29-03-2019,MOR-4411,Binoya Borah,201099,LUCKNOW,UTTAR PRADESH,INDIA,LUCKNOW-DELHI,SPINGO FOODS,CHOLEY BHATUREY,DINE IN ,2,INDIAN SNACKS,NO,CASH,160,3.7,3.7,16
29-03-2019,MOR-5022,Aisha George,201099,LUCKNOW,UTTAR PRADESH,INDIA,LUCKNOW-DELHI,SPINGO FOODS,CHOLEY RICE,DINE IN ,2,NORTH INDIAN,NO,CASH,200,4.3,3.1,20
29-03-2019,MOR-5212,Krishna Meda,201099,LUCKNOW,UTTAR PRADESH,INDIA,LUCKNOW-DELHI,SPINGO FOODS,VEG THALI,DINE IN ,2,NORTH INDIAN,YES,CASH,240,3.7,3.7,24
29-03-2019,MOR-4816,Mahmood Sanghvi,201099,LUCKNOW,UTTAR PRADESH,INDIA,LUCKNOW-DELHI,SPINGO FOODS,VEG THALI,DINE IN ,2,NORTH INDIAN,YES,CASH,240,3.8,3.9,24
29-03-2019,MOR-5390,Baber Sami,201099,LUCKNOW,UTTAR PRADESH,INDIA,LUCKNOW-DELHI,SPINGO FOODS,VEG THALI,DINE IN ,2,NORTH INDIAN,YES,CASH,240,4.2,4.8,24
29-03-2019,MOR-7867,Runjhun Bumb,201099,LUCKNOW,UTTAR PRADESH,INDIA,LUCKNOW-DELHI,SPINGO FOODS,VEG THALI,DINE IN ,1,NORTH INDIAN,YES,CASH,120,4,3.1,12
29-03-2019,MOR-6015,Rakhi Memon,201099,LUCKNOW,UTTAR PRADESH,INDIA,LUCKNOW-DELHI,SPINGO FOODS,SPECIAL VEG THALI,DINE IN ,1,NORTH INDIAN,YES,CASH,200,3.9,3.1,20
29-03-2019,MOR-4351,Gowri Misra,201099,LUCKNOW,UTTAR PRADESH,INDIA,LUCKNOW-DELHI,SPINGO FOODS,RAJMA RICE,DINE IN ,1,NORTH INDIAN,YES,CASH,100,4.4,4.6,10
29-03-2019,MOR-7647,Tanay Keer,201099,LUCKNOW,UTTAR PRADESH,INDIA,LUCKNOW-DELHI,SPINGO FOODS,RAJMA RICE,DINE IN ,1,NORTH INDIAN,YES,CASH,100,4.5,4.6,10
29-03-2019,MOR-4263,Bhairavi Varughese,201099,LUCKNOW,UTTAR PRADESH,INDIA,LUCKNOW-DELHI,SPINGO FOODS,CHOLEY RICE,DINE IN ,1,NORTH INDIAN,NO,CASH,100,4.1,4.5,10
29-03-2019,MOR-7673,Himanshu Koshy,201099,LUCKNOW,UTTAR PRADESH,INDIA,LUCKNOW-DELHI,SPINGO FOODS,KADI RICE,DINE IN ,1,NORTH INDIAN,NO,CASH,80,4.1,4.3,8
29-03-2019,MOR-6632,Ajeet Swamy,201099,LUCKNOW,UTTAR PRADESH,INDIA,LUCKNOW-DELHI,SPINGO FOODS,VEG PULAO,DINE IN ,1,NORTH INDIAN,NO,CASH,120,3.9,5,12
29-03-2019,MOR-5005,Zaad Joshi,201099,LUCKNOW,UTTAR PRADESH,INDIA,LUCKNOW-DELHI,SPINGO FOODS,RAJMA RICE,DINE IN ,1,NORTH INDIAN,YES,CASH,100,4.5,4.3,10
29-03-2019,MOR-5353,Kartik Kumer,201099,LUCKNOW,UTTAR PRADESH,INDIA,LUCKNOW-DELHI,SPINGO FOODS,RAJMA RICE,DINE IN ,1,NORTH INDIAN,YES,CASH,100,4,3.1,10
29-03-2019,MOR-5431,Aditya Nigam,201099,LUCKNOW,UTTAR PRADESH,INDIA,LUCKNOW-DELHI,SPINGO FOODS,CHOWMIN,DINE IN ,1,FAST FOOD,YES,CASH,80,4.1,4.7,8
29-03-2019,MOR-6158,Leela Oak,201099,LUCKNOW,UTTAR PRADESH,INDIA,LUCKNOW-DELHI,SPINGO FOODS,CHOWMIN,DINE IN ,1,FAST FOOD,YES,CASH,80,3.6,4,8
29-03-2019,MOR-7193,Manjari Patla,201099,LUCKNOW,UTTAR PRADESH,INDIA,LUCKNOW-DELHI,SPINGO FOODS,BURGER,DINE IN ,1,FAST FOOD,YES,CASH,80,3.8,3.8,8
28-03-2019,MOR-5222,Tabeed Badami,201099,LUCKNOW,UTTAR PRADESH,INDIA,LUCKNOW-DELHI,SPINGO FOODS,PASTA,DINE IN ,1,FAST FOOD,YES,CASH,100,4,5,10
28-03-2019,MOR-5133,Venkat Gola,201099,LUCKNOW,UTTAR PRADESH,INDIA,LUCKNOW-DELHI,SPINGO FOODS,CHOWMIN,DINE IN ,1,FAST FOOD,YES,CASH,80,4.2,4.8,8
28-03-2019,MOR-4405,Richa Ghose,201099,LUCKNOW,UTTAR PRADESH,INDIA,LUCKNOW-DELHI,SPINGO FOODS,BURGER,DINE OUT,1,FAST FOOD,NO,CASH,80,3.7,4.5,8
28-03-2019,MOR-7626,Krishna Puri,201099,LUCKNOW,UTTAR PRADESH,INDIA,LUCKNOW-DELHI,SPINGO FOODS,PASTA,DINE OUT,1,FAST FOOD,NO,CASH,100,3.8,4.3,10
28-03-2019,MOR-6500,Karim Dugal,201099,LUCKNOW,UTTAR PRADESH,INDIA,LUCKNOW-DELHI,SPINGO FOODS,PAPDI CHAAT,DINE OUT,1,INDIAN SNACKS,NO,CASH,80,3.7,3.1,8
28-03-2019,MOR-6092,Teena Nair,201099,LUCKNOW,UTTAR PRADESH,INDIA,LUCKNOW-DELHI,SPINGO FOODS,CHOLEY SAMOSE,DINE OUT,1,INDIAN SNACKS,YES,ONLINE,40,4.1,3.1,4
28-03-2019,MOR-7327,Riya Nawal,201099,LUCKNOW,UTTAR PRADESH,INDIA,LUCKNOW-DELHI,SPINGO FOODS,CHOLEY BHATUREY,DINE OUT,1,INDIAN SNACKS,YES,ONLINE,80,3.7,3.1,8
28-03-2019,MOR-5298,Anshu Jain,201099,LUCKNOW,UTTAR PRADESH,INDIA,LUCKNOW-DELHI,SPINGO FOODS,DOSA,DINE IN ,1,SOUTH INDIAN,YES,ONLINE,80,3.9,3.1,8
27-03-2019,MOR-6978,Priyanka Saini,201099,LUCKNOW,UTTAR PRADESH,INDIA,LUCKNOW-DELHI,SPINGO FOODS,MASALA DOSA,DINE OUT,1,SOUTH INDIAN,YES,ONLINE,100,4.4,3.7,10
27-03-2019,MOR-6513,Jayshree Handa,201099,LUCKNOW,UTTAR PRADESH,INDIA,LUCKNOW-DELHI,SPINGO FOODS,MASALA DOSA,DINE IN ,1,SOUTH INDIAN,YES,ONLINE,100,4.3,3.1,10
27-03-2019,MOR-5382,Hira Rampersaud,201099,LUCKNOW,UTTAR PRADESH,INDIA,LUCKNOW-DELHI,SPINGO FOODS,CHOLEY BHATUREY,DINE OUT,1,INDIAN SNACKS,YES,ONLINE,80,3.9,3.1,8
27-03-2019,MOR-6299,Smriti Mehan,201099,LUCKNOW,UTTAR PRADESH,INDIA,LUCKNOW-DELHI,SPINGO FOODS,PAPDI CHAAT,DINE IN ,1,INDIAN SNACKS,YES,ONLINE,80,3.7,3.1,8
27-03-2019,MOR-5281,Rehman Shah,201099,LUCKNOW,UTTAR PRADESH,INDIA,LUCKNOW-DELHI,SPINGO FOODS,CHOLEY SAMOSE,DINE IN ,1,INDIAN SNACKS,NO,ONLINE,40,3.7,3.1,4
27-03-2019,MOR-7572,Kalyani Behl,201099,LUCKNOW,UTTAR PRADESH,INDIA,LUCKNOW-DELHI,SPINGO FOODS,DAHI BHALLA,DINE IN ,1,INDIAN SNACKS,NO,ONLINE,70,4.2,3.1,7
27-03-2019,MOR-6580,Rohini Pardeshi,201099,LUCKNOW,UTTAR PRADESH,INDIA,LUCKNOW-DELHI,SPINGO FOODS,RASMALAI,DINE IN ,1,SWEETS,NO,ONLINE,30,4.3,4.3,3
27-03-2019,MOR-4451,"Nawab, Varughese",201099,LUCKNOW,UTTAR PRADESH,INDIA,LUCKNOW-DELHI,SPINGO FOODS,ALOO TIKKY,DINE IN ,1,INDIAN SNACKS,YES,ONLINE,60,4,3.1,6
27-03-2019,MOR-6940,Aishwarya Ahluwalia,201099,LUCKNOW,UTTAR PRADESH,INDIA,LUCKNOW-DELHI,SPINGO FOODS,CHOLEY SAMOSE,DINE OUT,1,INDIAN SNACKS,YES,ONLINE,40,4.1,3.8,4
27-03-2019,MOR-4807,Baalkrishan Gobin,201099,LUCKNOW,UTTAR PRADESH,INDIA,LUCKNOW-DELHI,SPINGO FOODS,CHOLEY BHATUREY,DINE OUT,1,INDIAN SNACKS,YES,ONLINE,80,3.9,3.1,8
27-03-2019,MOR-6308,Brock Karan,201099,LUCKNOW,UTTAR PRADESH,INDIA,LUCKNOW-DELHI,SPINGO FOODS,PAPDI CHAAT,DINE IN ,1,INDIAN SNACKS,YES,ONLINE,80,4.5,3.1,8
27-03-2019,MOR-7794,Kushal Pai,201099,LUCKNOW,UTTAR PRADESH,INDIA,LUCKNOW-DELHI,SPINGO FOODS,PAO BHAJI,DINE IN ,1,INDIAN SNACKS,YES,ONLINE,90,3.9,4.5,9
27-03-2019,MOR-6560,Pranab Pall,201099,LUCKNOW,UTTAR PRADESH,INDIA,LUCKNOW-DELHI,SPINGO FOODS,DAHI BHALLA,DINE IN ,1,INDIAN SNACKS,YES,ONLINE,70,4.1,4.6,7
27-03-2019,MOR-4583,Chitra Jayaraman,317726,DELHI,DELHI,INDIA,DELHI-ALIGARH,KRISHNA YATRI PLAZA,DAHI BHALLA,DINE IN ,1,INDIAN SNACKS,YES,ONLINE,70,4.3,4.1,7
27-03-2019,MOR-6381,Julie Keer,317726,DELHI,DELHI,INDIA,DELHI-ALIGARH,KRISHNA YATRI PLAZA,VEG THALI,DINE OUT,1,NORTH INDIAN,NO,ONLINE,120,4.4,4.2,12
27-03-2019,MOR-6830,Alka Kothari,317726,DELHI,DELHI,INDIA,DELHI-ALIGARH,KRISHNA YATRI PLAZA,DAHI BHALLA,DINE IN ,1,INDIAN SNACKS,NO,ONLINE,70,4.1,3.1,7
27-03-2019,MOR-4737,Zahir Ben,317726,DELHI,DELHI,INDIA,DELHI-ALIGARH,KRISHNA YATRI PLAZA,BURGER,DINE IN ,3,FAST FOOD,NO,ONLINE,240,4,5,24
27-03-2019,MOR-4741,Nancy Mohan,317726,DELHI,DELHI,INDIA,DELHI-ALIGARH,KRISHNA YATRI PLAZA,DAHI BHALLA,DINE IN ,2,INDIAN SNACKS,YES,ONLINE,140,3.9,3.1,14
27-03-2019,MOR-7029,Sona Reddy,317726,DELHI,DELHI,INDIA,DELHI-ALIGARH,KRISHNA YATRI PLAZA,CHOWMIN,DINE IN ,2,FAST FOOD,YES,ONLINE,160,3.9,3.1,16
27-03-2019,MOR-4893,Heena Edwin,317726,DELHI,DELHI,INDIA,DELHI-ALIGARH,KRISHNA YATRI PLAZA,PASTA,DINE IN ,2,FAST FOOD,YES,ONLINE,200,4,3.1,20
27-03-2019,MOR-5495,Tushar Upadhyay,317726,DELHI,DELHI,INDIA,DELHI-ALIGARH,KRISHNA YATRI PLAZA,TEA,DINE OUT,2,BEVERAGES,YES,ONLINE,40,4.1,4.3,4
27-03-2019,MOR-4613,Abdul Sama,317726,DELHI,DELHI,INDIA,DELHI-ALIGARH,KRISHNA YATRI PLAZA,ALOO TIKKY,DINE OUT,2,INDIAN SNACKS,YES,ONLINE,120,4.2,3.1,12
26-03-2019,MOR-4181,Ganesh Pai,317726,DELHI,DELHI,INDIA,DELHI-ALIGARH,KRISHNA YATRI PLAZA,CHOLEY SAMOSE,DINE IN ,2,INDIAN SNACKS,YES,ONLINE,80,3.8,3.3,8
26-03-2019,MOR-4707,Jagruti Gokhale,317726,DELHI,DELHI,INDIA,DELHI-ALIGARH,KRISHNA YATRI PLAZA,CHOLEY BHATUREY,DINE IN ,2,INDIAN SNACKS,YES,ONLINE,160,4,3.6,16
26-03-2019,MOR-7937,Ishat Setty,317726,DELHI,DELHI,INDIA,DELHI-ALIGARH,KRISHNA YATRI PLAZA,CHOLEY SAMOSE,DINE IN ,2,INDIAN SNACKS,NO,ONLINE,80,3.9,4,8
26-03-2019,MOR-5256,Raghavan Raman,317726,DELHI,DELHI,INDIA,DELHI-ALIGARH,KRISHNA YATRI PLAZA,CHOLEY BHATUREY,DINE OUT,2,INDIAN SNACKS,NO,ONLINE,160,4.2,4,16
26-03-2019,MOR-4634,Hina Bajaj,317726,DELHI,DELHI,INDIA,DELHI-ALIGARH,KRISHNA YATRI PLAZA,PAPDI CHAAT,DINE OUT,2,INDIAN SNACKS,NO,ONLINE,160,3.7,4,16
26-03-2019,MOR-7616,Lakshmi Garg,317726,DELHI,DELHI,INDIA,DELHI-ALIGARH,KRISHNA YATRI PLAZA,PAO BHAJI,DINE IN ,2,INDIAN SNACKS,YES,ONLINE,360,3.9,4.3,36
26-03-2019,MOR-6000,Mustafa Viswanathan,317726,DELHI,DELHI,INDIA,DELHI-ALIGARH,KRISHNA YATRI PLAZA,TEA,DINE IN ,2,BEVERAGES,YES,ONLINE,80,4.2,4.2,8
26-03-2019,MOR-4571,Aruna Subramaniam,317726,DELHI,DELHI,INDIA,DELHI-ALIGARH,KRISHNA YATRI PLAZA,COFFEE,DINE IN ,1,BEVERAGES,YES,CASH,40,4.3,4.3,4
26-03-2019,MOR-5402,Baber Lata,317726,DELHI,DELHI,INDIA,DELHI-ALIGARH,KRISHNA YATRI PLAZA,COFFEE,DINE OUT,1,BEVERAGES,YES,CASH,40,4.3,4.2,4
26-03-2019,MOR-4996,Munaf Dyal,317726,DELHI,DELHI,INDIA,DELHI-ALIGARH,KRISHNA YATRI PLAZA,PEPSI,DINE IN ,2,BEVERAGES,YES,CASH,80,3.5,4.5,8
26-03-2019,MOR-7989,Hira Dhaliwal,317726,DELHI,DELHI,INDIA,DELHI-ALIGARH,KRISHNA YATRI PLAZA,TEA,DINE IN ,1,BEVERAGES,YES,CASH,20,4.3,4.3,2
25-03-2019,MOR-4909,Surya Shah,317726,DELHI,DELHI,INDIA,DELHI-ALIGARH,KRISHNA YATRI PLAZA,CHOLEY BHATUREY,DINE IN ,1,INDIAN SNACKS,YES,CASH,80,3.5,4.6,8
25-03-2019,MOR-5985,Manoj Mistry,317726,DELHI,DELHI,INDIA,DELHI-ALIGARH,KRISHNA YATRI PLAZA,CHOLEY SAMOSE,DINE IN ,1,INDIAN SNACKS,NO,CASH,40,4.2,4.4,4
25-03-2019,MOR-4971,Jasmin Thaman,317726,DELHI,DELHI,INDIA,DELHI-ALIGARH,KRISHNA YATRI PLAZA,CHOLEY SAMOSE,DINE IN ,1,INDIAN SNACKS,NO,CASH,40,3.5,4.2,4
25-03-2019,MOR-7779,Ehsaan Nath,317726,DELHI,DELHI,INDIA,DELHI-ALIGARH,KRISHNA YATRI PLAZA,ALOO TIKKY,DINE OUT,1,INDIAN SNACKS,NO,CASH,60,4.5,4.2,6
25-03-2019,MOR-6300,Drishti Bansal,317726,DELHI,DELHI,INDIA,DELHI-ALIGARH,KRISHNA YATRI PLAZA,ALOO TIKKY,DINE OUT,2,INDIAN SNACKS,YES,CASH,120,3.5,4.2,12
25-03-2019,MOR-5721,Aarti Tata,317726,DELHI,DELHI,INDIA,DELHI-ALIGARH,KRISHNA YATRI PLAZA,DAHI BHALLA,DINE IN ,2,INDIAN SNACKS,YES,CASH,140,3.9,3.4,14
25-03-2019,MOR-4806,Baalkrishan Palla,317726,DELHI,DELHI,INDIA,DELHI-ALIGARH,KRISHNA YATRI PLAZA,MASALA DOSA,DINE IN ,2,SOUTH INDIAN,YES,CASH,200,4.2,3.2,20
25-03-2019,MOR-5994,Kamini Ganguly,317726,DELHI,DELHI,INDIA,DELHI-ALIGARH,KRISHNA YATRI PLAZA,MASALA DOSA,DINE IN ,2,SOUTH INDIAN,YES,CASH,200,4.4,4,20
25-03-2019,MOR-6276,Nishtha Persaud,317726,DELHI,DELHI,INDIA,DELHI-ALIGARH,KRISHNA YATRI PLAZA,DOSA,DINE OUT,1,SOUTH INDIAN,YES,CASH,80,4.2,4.6,8
25-03-2019,MOR-5810,Ghalib Grover,317726,DELHI,DELHI,INDIA,DELHI-ALIGARH,KRISHNA YATRI PLAZA,MASALA DOSA,DINE OUT,2,SOUTH INDIAN,YES,CASH,200,4.3,3.2,20
25-03-2019,MOR-7227,Aditya Aggarwal,317726,DELHI,DELHI,INDIA,DELHI-ALIGARH,KRISHNA YATRI PLAZA,DOSA,DINE IN ,1,SOUTH INDIAN,YES,ONLINE,80,3.5,4.4,8
25-03-2019,MOR-5947,Pinky Tandon,317726,DELHI,DELHI,INDIA,DELHI-ALIGARH,KRISHNA YATRI PLAZA,IDLI,DINE IN ,1,SOUTH INDIAN,NO,CASH,70,4.3,4,7
25-03-2019,MOR-7494,Nandini Singhal,317726,DELHI,DELHI,INDIA,DELHI-ALIGARH,KRISHNA YATRI PLAZA,UTTAPAM,DINE IN ,1,SOUTH INDIAN,NO,CASH,120,4.5,4.7,12
25-03-2019,MOR-7410,Sona Om,317726,DELHI,DELHI,INDIA,DELHI-ALIGARH,KRISHNA YATRI PLAZA,UTTAPAM,DINE OUT,1,SOUTH INDIAN,NO,CASH,120,4.4,3.1,12
25-03-2019,MOR-7512,Preshita Lal,317726,DELHI,DELHI,INDIA,DELHI-ALIGARH,KRISHNA YATRI PLAZA,PASTA,DINE IN ,1,FAST FOOD,YES,CASH,100,4.4,3.7,10
25-03-2019,MOR-5426,Pranab Suri,317726,DELHI,DELHI,INDIA,DELHI-ALIGARH,KRISHNA YATRI PLAZA,CHOWMIN,DINE IN ,1,FAST FOOD,YES,CASH,80,3.6,3.9,8
25-03-2019,MOR-7154,Nishi Ramesh,317726,DELHI,DELHI,INDIA,DELHI-ALIGARH,KRISHNA YATRI PLAZA,BURGER,DINE IN ,1,FAST FOOD,YES,CASH,80,3.7,4.2,8
25-03-2019,MOR-7395,Laveena Varma,317726,DELHI,DELHI,INDIA,DELHI-ALIGARH,KRISHNA YATRI PLAZA,PASTA,DINE OUT,2,FAST FOOD,YES,CASH,200,3.8,4.1,20
25-03-2019,MOR-6058,Smriti Prashad,317726,DELHI,DELHI,INDIA,DELHI-ALIGARH,KRISHNA YATRI PLAZA,BURGER,DINE IN ,1,FAST FOOD,YES,CASH,80,4.2,3.5,8
24-03-2019,MOR-5579,Aruna Nazareth,317726,DELHI,DELHI,INDIA,DELHI-ALIGARH,KRISHNA YATRI PLAZA,BURGER,DINE OUT,3,FAST FOOD,YES,CASH,240,4.2,4.8,24
24-03-2019,MOR-7858,Chand Vig,317726,DELHI,DELHI,INDIA,DELHI-ALIGARH,KRISHNA YATRI PLAZA,CHOWMIN,DINE IN ,2,FAST FOOD,YES,CASH,160,4.2,4.3,16
24-03-2019,MOR-7213,Ishat Sangha,317726,DELHI,DELHI,INDIA,DELHI-ALIGARH,KRISHNA YATRI PLAZA,BURGER,DINE IN ,3,FAST FOOD,NO,CASH,240,3.3,3.9,24
24-03-2019,MOR-4277,Ananya Radhakrishnan,317726,DELHI,DELHI,INDIA,DELHI-ALIGARH,KRISHNA YATRI PLAZA,PASTA,DINE IN ,4,FAST FOOD,NO,CASH,400,3.4,3.1,40
24-03-2019,MOR-6770,Baldev Narayan,317726,DELHI,DELHI,INDIA,DELHI-ALIGARH,KRISHNA YATRI PLAZA,CHOWMIN,DINE IN ,3,FAST FOOD,NO,CASH,240,4.3,3.5,24
24-03-2019,MOR-7340,Geetanjali Lal,317726,DELHI,DELHI,INDIA,DELHI-ALIGARH,KRISHNA YATRI PLAZA,CHOWMIN,DINE IN ,3,FAST FOOD,YES,CASH,240,4.2,4.3,24
24-03-2019,MOR-4666,Rosey Sampath,317726,DELHI,DELHI,INDIA,DELHI-ALIGARH,KRISHNA YATRI PLAZA,TEA,DINE OUT,3,BEVERAGES,YES,CASH,60,4.7,4.4,6
24-03-2019,MOR-6556,Himani Sama,317726,DELHI,DELHI,INDIA,DELHI-ALIGARH,KRISHNA YATRI PLAZA,TEA,DINE OUT,2,BEVERAGES,YES,CASH,40,4.1,4.8,4
24-03-2019,MOR-4790,Richa Ramachandran,317726,DELHI,DELHI,INDIA,DELHI-ALIGARH,KRISHNA YATRI PLAZA,PEPSI,DINE IN ,1,BEVERAGES,YES,CASH,80,4.7,3.9,8
24-03-2019,MOR-7077,Tanuja Apte,419087,KANPUR,UTTAR PRADESH,INDIA,KANPUR-DELHI,ANNUPURNA YATRI PLAZA,COCACOLA,DINE IN ,1,BEVERAGES,YES,CASH,35,4,3.8,3.5
24-03-2019,MOR-6517,Kasturba Subramanian,419087,KANPUR,UTTAR PRADESH,INDIA,KANPUR-DELHI,ANNUPURNA YATRI PLAZA,VEG PULAO,DINE IN ,1,NORTH INDIAN,YES,CASH,120,3.6,4.2,12
24-03-2019,MOR-5891,Zara Jhaveri,419087,KANPUR,UTTAR PRADESH,INDIA,KANPUR-DELHI,ANNUPURNA YATRI PLAZA,VEG THALI,DINE IN ,1,NORTH INDIAN,YES,CASH,120,4,4,12
24-03-2019,MOR-5915,Uday Ben,419087,KANPUR,UTTAR PRADESH,INDIA,KANPUR-DELHI,ANNUPURNA YATRI PLAZA,VEG THALI,DINE OUT,1,NORTH INDIAN,NO,CASH,120,3.6,4,12
24-03-2019,MOR-6722,Tushar Wable,419087,KANPUR,UTTAR PRADESH,INDIA,KANPUR-DELHI,ANNUPURNA YATRI PLAZA,VEG THALI,DINE IN ,1,NORTH INDIAN,NO,CASH,120,4.3,4.4,12
24-03-2019,MOR-7887,Mustafa Choudhury,419087,KANPUR,UTTAR PRADESH,INDIA,KANPUR-DELHI,ANNUPURNA YATRI PLAZA,VEG THALI,DINE IN ,1,NORTH INDIAN,NO,CASH,120,4.2,4.7,12
24-03-2019,MOR-5823,Nazir Sathe,419087,KANPUR,UTTAR PRADESH,INDIA,KANPUR-DELHI,ANNUPURNA YATRI PLAZA,SPECIAL VEG THALI,DINE IN ,1,NORTH INDIAN,NO,CASH,200,4.2,4.5,20
24-03-2019,MOR-7518,Elias Bajwa,419087,KANPUR,UTTAR PRADESH,INDIA,KANPUR-DELHI,ANNUPURNA YATRI PLAZA,RAJMA RICE,DINE IN ,1,NORTH INDIAN,NO,CASH,100,4.1,4.3,10
24-03-2019,MOR-7495,Mukti Kapadia,419087,KANPUR,UTTAR PRADESH,INDIA,KANPUR-DELHI,ANNUPURNA YATRI PLAZA,RAJMA RICE,DINE IN ,1,NORTH INDIAN,NO,CASH,100,4,3.3,10
24-03-2019,MOR-5381,Ibrahim Korpal,419087,KANPUR,UTTAR PRADESH,INDIA,KANPUR-DELHI,ANNUPURNA YATRI PLAZA,CHOLEY RICE,DINE OUT,1,NORTH INDIAN,NO,CASH,100,4.1,4.3,10
24-03-2019,MOR-7236,Niyati Sem,419087,KANPUR,UTTAR PRADESH,INDIA,KANPUR-DELHI,ANNUPURNA YATRI PLAZA,KADI RICE,DINE OUT,2,NORTH INDIAN,NO,CASH,160,4.4,4.1,16
24-03-2019,MOR-4389,Krishna Hegde,419087,KANPUR,UTTAR PRADESH,INDIA,KANPUR-DELHI,ANNUPURNA YATRI PLAZA,VEG PULAO,DINE IN ,3,NORTH INDIAN,YES,CASH,360,4.7,2.1,36
23-03-2019,MOR-4136,Sameera Sachdev,419087,KANPUR,UTTAR PRADESH,INDIA,KANPUR-DELHI,ANNUPURNA YATRI PLAZA,RASMALAI,DINE IN ,3,SWEETS,YES,CASH,90,4.5,3.7,9
23-03-2019,MOR-7971,Arvind Chadha,419087,KANPUR,UTTAR PRADESH,INDIA,KANPUR-DELHI,ANNUPURNA YATRI PLAZA,GULAB JAMUN,DINE IN ,2,SWEETS,YES,CASH,40,4.3,4.2,4
23-03-2019,MOR-7600,Naval Mammen,419087,KANPUR,UTTAR PRADESH,INDIA,KANPUR-DELHI,ANNUPURNA YATRI PLAZA,COFFEE,DINE OUT,2,BEVERAGES,NO,CASH,80,3.5,4.4,8
23-03-2019,MOR-7846,Falguni Mehta,419087,KANPUR,UTTAR PRADESH,INDIA,KANPUR-DELHI,ANNUPURNA YATRI PLAZA,TEA,DINE OUT,2,BEVERAGES,YES,CASH,40,4.3,4.2,4
23-03-2019,MOR-7940,Bishnu Balay,419087,KANPUR,UTTAR PRADESH,INDIA,KANPUR-DELHI,ANNUPURNA YATRI PLAZA,RASGULLA,DINE IN ,2,SWEETS,NO,CASH,40,4,2.1,4
23-03-2019,MOR-6963,Heer Sundaram,419087,KANPUR,UTTAR PRADESH,INDIA,KANPUR-DELHI,ANNUPURNA YATRI PLAZA,RASGULLA,DINE IN ,2,SWEETS,NO,CASH,40,4.5,2.4,4
23-03-2019,MOR-4546,Aarushi Parmer,419087,KANPUR,UTTAR PRADESH,INDIA,KANPUR-DELHI,ANNUPURNA YATRI PLAZA,MASALA DOSA,DINE IN ,2,SOUTH INDIAN,NO,CASH,200,4.5,4.1,20
23-03-2019,MOR-5081,Suresh Krish,419087,KANPUR,UTTAR PRADESH,INDIA,KANPUR-DELHI,ANNUPURNA YATRI PLAZA,MASALA DOSA,DINE OUT,1,SOUTH INDIAN,YES,CASH,100,3.6,3.1,10
23-03-2019,MOR-5851,Sushant Om,419087,KANPUR,UTTAR PRADESH,INDIA,KANPUR-DELHI,ANNUPURNA YATRI PLAZA,ALOO TIKKY,DINE IN ,1,INDIAN SNACKS,YES,CASH,60,4.2,5,6
23-03-2019,MOR-7469,Mridula Seshadri,419087,KANPUR,UTTAR PRADESH,INDIA,KANPUR-DELHI,ANNUPURNA YATRI PLAZA,CHOLEY SAMOSE,DINE IN ,1,INDIAN SNACKS,YES,CASH,40,4.1,3.1,4
23-03-2019,MOR-6936,Aditi Mehan,419087,KANPUR,UTTAR PRADESH,INDIA,KANPUR-DELHI,ANNUPURNA YATRI PLAZA,CHOLEY BHATUREY,DINE IN ,1,INDIAN SNACKS,YES,CASH,80,3.5,3.5,8
23-03-2019,MOR-7440,Naval Lanka,419087,KANPUR,UTTAR PRADESH,INDIA,KANPUR-DELHI,ANNUPURNA YATRI PLAZA,CHOLEY SAMOSE,DINE IN ,1,INDIAN SNACKS,YES,CASH,40,4.4,4.2,4
23-03-2019,MOR-6802,Sara Apte,419087,KANPUR,UTTAR PRADESH,INDIA,KANPUR-DELHI,ANNUPURNA YATRI PLAZA,CHOLEY BHATUREY,DINE IN ,4,INDIAN SNACKS,YES,CASH,320,4,3.1,32
23-03-2019,MOR-6227,Richa Parekh,419087,KANPUR,UTTAR PRADESH,INDIA,KANPUR-DELHI,ANNUPURNA YATRI PLAZA,PAPDI CHAAT,DINE OUT,2,INDIAN SNACKS,YES,CASH,160,4.5,4.7,16
23-03-2019,MOR-4933,Zahir Chawla,419087,KANPUR,UTTAR PRADESH,INDIA,KANPUR-DELHI,ANNUPURNA YATRI PLAZA,PAO BHAJI,DINE OUT,3,INDIAN SNACKS,NO,CASH,270,4.2,3.1,27
23-03-2019,MOR-7761,Aarif Murthy,419087,KANPUR,UTTAR PRADESH,INDIA,KANPUR-DELHI,ANNUPURNA YATRI PLAZA,PAO BHAJI,DINE IN ,2,INDIAN SNACKS,NO,CASH,180,3.5,3.1,18
23-03-2019,MOR-6121,Mohan Mahabir,419087,KANPUR,UTTAR PRADESH,INDIA,KANPUR-DELHI,ANNUPURNA YATRI PLAZA,PAO BHAJI,DINE IN ,1,INDIAN SNACKS,NO,CASH,90,4.2,3.1,9
23-03-2019,MOR-5682,Namita Deshmukh,419087,KANPUR,UTTAR PRADESH,INDIA,KANPUR-DELHI,ANNUPURNA YATRI PLAZA,PAO BHAJI,DINE IN ,2,INDIAN SNACKS,YES,CASH,180,4.8,4.8,18
22-03-2019,MOR-5021,Manjari Hans,419087,KANPUR,UTTAR PRADESH,INDIA,KANPUR-DELHI,ANNUPURNA YATRI PLAZA,DAHI BHALLA,DINE OUT,1,INDIAN SNACKS,YES,CASH,70,4.5,3.1,7
22-03-2019,MOR-4740,Jagdish Patel,419087,KANPUR,UTTAR PRADESH,INDIA,KANPUR-DELHI,ANNUPURNA YATRI PLAZA,CHOLEY BHATUREY,DINE OUT,1,INDIAN SNACKS,YES,CASH,80,4.2,4.5,8
22-03-2019,MOR-5734,Ibrahim Prabhu,419087,KANPUR,UTTAR PRADESH,INDIA,KANPUR-DELHI,ANNUPURNA YATRI PLAZA,CHOLEY BHATUREY,DINE IN ,2,INDIAN SNACKS,YES,CASH,160,4.3,4.6,16
22-03-2019,MOR-4663,Sameera Kar,419087,KANPUR,UTTAR PRADESH,INDIA,KANPUR-DELHI,ANNUPURNA YATRI PLAZA,CHOLEY SAMOSE,DINE IN ,1,INDIAN SNACKS,YES,CASH,40,3.9,4.6,4
22-03-2019,MOR-4872,Abdul Sagar,419087,KANPUR,UTTAR PRADESH,INDIA,KANPUR-DELHI,ANNUPURNA YATRI PLAZA,CHOLEY SAMOSE,DINE IN ,1,INDIAN SNACKS,YES,CASH,40,4.5,4.9,4
22-03-2019,MOR-5575,Gowri Mangal,419087,KANPUR,UTTAR PRADESH,INDIA,KANPUR-DELHI,ANNUPURNA YATRI PLAZA,ALOO TIKKY,DINE OUT,1,INDIAN SNACKS,YES,CASH,60,3.5,4.8,6
22-03-2019,MOR-7836,Diya Butala,419087,KANPUR,UTTAR PRADESH,INDIA,KANPUR-DELHI,ANNUPURNA YATRI PLAZA,ALOO TIKKY,DINE IN ,1,INDIAN SNACKS,NO,CASH,60,4.1,4,6
21-03-2019,MOR-7697,Eddie Masih,419087,KANPUR,UTTAR PRADESH,INDIA,KANPUR-DELHI,ANNUPURNA YATRI PLAZA,DAHI BHALLA,DINE IN ,1,INDIAN SNACKS,NO,CASH,70,4.5,3.9,7
21-03-2019,MOR-6117,Ehsaan Jain,419087,KANPUR,UTTAR PRADESH,INDIA,KANPUR-DELHI,ANNUPURNA YATRI PLAZA,IDLI,DINE IN ,1,SOUTH INDIAN,NO,CASH,70,4.4,4.1,7
21-03-2019,MOR-6297,Mukul Apte,419087,KANPUR,UTTAR PRADESH,INDIA,KANPUR-DELHI,ANNUPURNA YATRI PLAZA,IDLI,DINE OUT,1,SOUTH INDIAN,YES,CASH,70,4.5,4.1,7
21-03-2019,MOR-5689,Binod Atwal,419087,KANPUR,UTTAR PRADESH,INDIA,KANPUR-DELHI,ANNUPURNA YATRI PLAZA,PASTA,DINE IN ,1,FAST FOOD,YES,CASH,100,3.5,4.5,10
21-03-2019,MOR-7988,Biren Parsa,419087,KANPUR,UTTAR PRADESH,INDIA,KANPUR-DELHI,ANNUPURNA YATRI PLAZA,CHOWMIN,DINE OUT,1,FAST FOOD,YES,CASH,80,4.2,4.2,8
21-03-2019,MOR-4089,Shweta Shankar,419087,KANPUR,UTTAR PRADESH,INDIA,KANPUR-DELHI,ANNUPURNA YATRI PLAZA,BURGER,DINE IN ,1,FAST FOOD,YES,CASH,80,4.4,4,8
21-03-2019,MOR-5079,Qadim Ganguly,419087,KANPUR,UTTAR PRADESH,INDIA,KANPUR-DELHI,ANNUPURNA YATRI PLAZA,PASTA,DINE IN ,1,FAST FOOD,YES,CASH,100,4.1,4.4,10
21-03-2019,MOR-6907,Kajol Gaba,419087,KANPUR,UTTAR PRADESH,INDIA,KANPUR-DELHI,ANNUPURNA YATRI PLAZA,BURGER,DINE IN ,1,FAST FOOD,YES,CASH,80,3.9,1.9,8
21-03-2019,MOR-6493,Pamela Ratta,419087,KANPUR,UTTAR PRADESH,INDIA,KANPUR-DELHI,ANNUPURNA YATRI PLAZA,UTTAPAM,DINE IN ,1,SOUTH INDIAN,YES,CASH,120,3.5,3.1,12
21-03-2019,MOR-4796,Baalkrishan Dyal,419087,KANPUR,UTTAR PRADESH,INDIA,KANPUR-DELHI,ANNUPURNA YATRI PLAZA,DOSA,DINE IN ,1,SOUTH INDIAN,NO,CASH,80,4.5,3.1,8
21-03-2019,MOR-6939,Devika Parikh,419087,KANPUR,UTTAR PRADESH,INDIA,KANPUR-DELHI,ANNUPURNA YATRI PLAZA,ALOO TIKKY,DINE OUT,1,INDIAN SNACKS,NO,CASH,60,3.7,3.7,6
20-03-2019,MOR-4312,Gauransh Mitra,419087,KANPUR,UTTAR PRADESH,INDIA,KANPUR-DELHI,ANNUPURNA YATRI PLAZA,TEA,DINE OUT,1,BEVERAGES,NO,CASH,20,4.1,3.1,2
20-03-2019,MOR-5705,Shashank Purohit,419087,KANPUR,UTTAR PRADESH,INDIA,KANPUR-DELHI,ANNUPURNA YATRI PLAZA,CHOLEY BHATUREY,DINE IN ,1,INDIAN SNACKS,YES,CASH,80,4.4,4.2,8
20-03-2019,MOR-6373,Emran Krishnan,419087,KANPUR,UTTAR PRADESH,INDIA,KANPUR-DELHI,ANNUPURNA YATRI PLAZA,CHOLEY SAMOSE,DINE IN ,1,INDIAN SNACKS,YES,ONLINE,40,3.5,4,4
20-03-2019,MOR-5751,Fakaruddin Munshi,419087,KANPUR,UTTAR PRADESH,INDIA,KANPUR-DELHI,ANNUPURNA YATRI PLAZA,CHOLEY BHATUREY,DINE IN ,1,INDIAN SNACKS,YES,ONLINE,80,4.5,4.3,8
20-03-2019,MOR-5548,Kalpana Gade,419087,KANPUR,UTTAR PRADESH,INDIA,KANPUR-DELHI,ANNUPURNA YATRI PLAZA,PAPDI CHAAT,DINE IN ,1,INDIAN SNACKS,YES,ONLINE,80,4.3,2.5,8
20-03-2019,MOR-5280,Pradeep Krishnamurthy,419087,KANPUR,UTTAR PRADESH,INDIA,KANPUR-DELHI,ANNUPURNA YATRI PLAZA,RASMALAI,DINE OUT,2,SWEETS,YES,ONLINE,60,4.3,4.4,6
20-03-2019,MOR-7384,Kasturi Chaudhry,419087,KANPUR,UTTAR PRADESH,INDIA,KANPUR-DELHI,ANNUPURNA YATRI PLAZA,GULAB JAMUN,DINE IN ,2,SWEETS,YES,ONLINE,40,4.3,3.1,4
20-03-2019,MOR-7475,Aayushi Iyer,419087,KANPUR,UTTAR PRADESH,INDIA,KANPUR-DELHI,ANNUPURNA YATRI PLAZA,RASGULLA,DINE IN ,2,SWEETS,YES,ONLINE,40,4.4,3.7,4
20-03-2019,MOR-6490,Alka Chakrabarti,419087,KANPUR,UTTAR PRADESH,INDIA,KANPUR-DELHI,ANNUPURNA YATRI PLAZA,MASALA DOSA,DINE IN ,2,SOUTH INDIAN,NO,ONLINE,200,4.3,4.7,20
20-03-2019,MOR-7804,Mridula Parmer,419087,KANPUR,UTTAR PRADESH,INDIA,KANPUR-DELHI,ANNUPURNA YATRI PLAZA,COFFEE,DINE IN ,2,BEVERAGES,NO,ONLINE,80,4.4,4.6,8
20-03-2019,MOR-4057,Shanti Patel,419087,KANPUR,UTTAR PRADESH,INDIA,KANPUR-DELHI,ANNUPURNA YATRI PLAZA,CHOLEY BHATUREY,DINE IN ,2,INDIAN SNACKS,NO,ONLINE,160,4.3,4.4,16
20-03-2019,MOR-4237,Arpit Walla,419087,KANPUR,UTTAR PRADESH,INDIA,KANPUR-DELHI,ANNUPURNA YATRI PLAZA,CHOLEY BHATUREY,DINE OUT,2,INDIAN SNACKS,YES,ONLINE,160,4.4,4.3,16
20-03-2019,MOR-5554,Kasturi Agrawal,419087,KANPUR,UTTAR PRADESH,INDIA,KANPUR-DELHI,ANNUPURNA YATRI PLAZA,CHOLEY SAMOSE,DINE OUT,2,INDIAN SNACKS,YES,ONLINE,80,4.1,4.4,8
20-03-2019,MOR-5740,Gulzar Pant,419087,KANPUR,UTTAR PRADESH,INDIA,KANPUR-DELHI,ANNUPURNA YATRI PLAZA,CHOLEY SAMOSE,DINE IN ,2,INDIAN SNACKS,YES,ONLINE,80,4.4,2.6,8
19-03-2019,MOR-4415,Hemendra Chadha,419087,KANPUR,UTTAR PRADESH,INDIA,KANPUR-DELHI,ANNUPURNA YATRI PLAZA,ALOO TIKKY,DINE IN ,1,INDIAN SNACKS,YES,ONLINE,60,4.2,3.6,6
19-03-2019,MOR-4619,Ajeet Boase,419087,KANPUR,UTTAR PRADESH,INDIA,KANPUR-DELHI,ANNUPURNA YATRI PLAZA,ALOO TIKKY,DINE IN ,1,INDIAN SNACKS,YES,ONLINE,60,4.3,3.8,6
19-03-2019,MOR-7382,Anshula Shere,419087,KANPUR,UTTAR PRADESH,INDIA,KANPUR-DELHI,ANNUPURNA YATRI PLAZA,DAHI BHALLA,DINE OUT,1,INDIAN SNACKS,YES,ONLINE,70,4.4,4.4,7
19-03-2019,MOR-4318,Dinesh Shenoy,419087,KANPUR,UTTAR PRADESH,INDIA,KANPUR-DELHI,ANNUPURNA YATRI PLAZA,SPECIAL VEG THALI,DINE OUT,1,NORTH INDIAN,YES,ONLINE,200,4.3,4.4,20
19-03-2019,MOR-4675,Omar Ratta,419087,KANPUR,UTTAR PRADESH,INDIA,KANPUR-DELHI,ANNUPURNA YATRI PLAZA,RAJMA RICE,DINE IN ,1,NORTH INDIAN,NO,ONLINE,100,4.3,3,10
19-03-2019,MOR-7324,Manjari Rao,510054,DELHI,DELHI,INDIA,DELHI-BULANDSHEHER,NEHA YATRI PLAZA,RAJMA RICE,DINE IN ,1,NORTH INDIAN,NO,ONLINE,100,3.9,4.2,10
19-03-2019,MOR-7566,Uday Chaudhary,510054,DELHI,DELHI,INDIA,DELHI-BULANDSHEHER,NEHA YATRI PLAZA,CHOLEY RICE,DINE IN ,1,NORTH INDIAN,NO,ONLINE,100,4.1,3.7,10
19-03-2019,MOR-6214,Krishna Kaul,510054,DELHI,DELHI,INDIA,DELHI-BULANDSHEHER,NEHA YATRI PLAZA,KADI RICE,DINE OUT,1,NORTH INDIAN,YES,ONLINE,80,4.1,5,8
19-03-2019,MOR-6794,Tabeed Kibe,510054,DELHI,DELHI,INDIA,DELHI-BULANDSHEHER,NEHA YATRI PLAZA,VEG PULAO,DINE IN ,1,NORTH INDIAN,YES,ONLINE,120,4.2,3.1,12
19-03-2019,MOR-7373,Yamini Varty,510054,DELHI,DELHI,INDIA,DELHI-BULANDSHEHER,NEHA YATRI PLAZA,RAJMA RICE,DINE IN ,1,NORTH INDIAN,YES,ONLINE,100,4.5,4.2,10
19-03-2019,MOR-5899,Nishita Hegde,510054,DELHI,DELHI,INDIA,DELHI-BULANDSHEHER,NEHA YATRI PLAZA,RAJMA RICE,DINE IN ,1,NORTH INDIAN,YES,ONLINE,100,4.2,4.8,10
18-03-2019,MOR-7844,Sara Mehan,510054,DELHI,DELHI,INDIA,DELHI-BULANDSHEHER,NEHA YATRI PLAZA,KADI RICE,DINE IN ,1,NORTH INDIAN,YES,ONLINE,80,4.7,4.4,8
18-03-2019,MOR-6525,Daanish Dass,510054,DELHI,DELHI,INDIA,DELHI-BULANDSHEHER,NEHA YATRI PLAZA,KADI RICE,DINE IN ,1,NORTH INDIAN,YES,ONLINE,80,3.3,4.1,8
18-03-2019,MOR-7280,Wafa Sekhon,510054,DELHI,DELHI,INDIA,DELHI-BULANDSHEHER,NEHA YATRI PLAZA,PEPSI,DINE OUT,1,BEVERAGES,YES,ONLINE,80,4.7,4.7,8
18-03-2019,MOR-6374,Chameli Bhatia,510054,DELHI,DELHI,INDIA,DELHI-BULANDSHEHER,NEHA YATRI PLAZA,CHOLEY RICE,DINE OUT,1,NORTH INDIAN,NO,ONLINE,100,4.2,4.7,10
18-03-2019,MOR-4461,Charu Bassi,510054,DELHI,DELHI,INDIA,DELHI-BULANDSHEHER,NEHA YATRI PLAZA,VEG THALI,DINE IN ,1,NORTH INDIAN,NO,ONLINE,120,3.2,3.3,12
18-03-2019,MOR-6771,Nirmal Gole,510054,DELHI,DELHI,INDIA,DELHI-BULANDSHEHER,NEHA YATRI PLAZA,VEG THALI,DINE IN ,1,NORTH INDIAN,NO,ONLINE,120,4.4,4,12
18-03-2019,MOR-5057,Shashank Muni,510054,DELHI,DELHI,INDIA,DELHI-BULANDSHEHER,NEHA YATRI PLAZA,VEG THALI,DINE IN ,2,NORTH INDIAN,YES,ONLINE,240,3.5,3.1,24
18-03-2019,MOR-7585,Pranab Panchal,510054,DELHI,DELHI,INDIA,DELHI-BULANDSHEHER,NEHA YATRI PLAZA,VEG THALI,DINE OUT,2,NORTH INDIAN,YES,ONLINE,240,3.7,3.1,24
18-03-2019,MOR-5479,Mehul Sangha,510054,DELHI,DELHI,INDIA,DELHI-BULANDSHEHER,NEHA YATRI PLAZA,SPECIAL VEG THALI,DINE OUT,2,NORTH INDIAN,YES,ONLINE,400,3.8,1,40
18-03-2019,MOR-5517,Neha Chanda,510054,DELHI,DELHI,INDIA,DELHI-BULANDSHEHER,NEHA YATRI PLAZA,RAJMA RICE,DINE IN ,1,NORTH INDIAN,YES,CASH,100,3.8,4.4,10
18-03-2019,MOR-6038,Munaf Parmar,510054,DELHI,DELHI,INDIA,DELHI-BULANDSHEHER,NEHA YATRI PLAZA,RAJMA RICE,DINE IN ,3,NORTH INDIAN,YES,CASH,300,3.7,4.2,30
18-03-2019,MOR-5853,Pranay Kohli,510054,DELHI,DELHI,INDIA,DELHI-BULANDSHEHER,NEHA YATRI PLAZA,CHOLEY RICE,DINE IN ,3,NORTH INDIAN,YES,CASH,300,3.5,4.4,30
18-03-2019,MOR-7601,Hema Koshy,510054,DELHI,DELHI,INDIA,DELHI-BULANDSHEHER,NEHA YATRI PLAZA,KADI RICE,DINE OUT,3,NORTH INDIAN,YES,CASH,240,4,4.6,24
17-03-2019,MOR-7371,Mohanlal Kar,510054,DELHI,DELHI,INDIA,DELHI-BULANDSHEHER,NEHA YATRI PLAZA,VEG PULAO,DINE IN ,4,NORTH INDIAN,NO,CASH,480,3.6,4.3,48
17-03-2019,MOR-5196,Indrani Sani,510054,DELHI,DELHI,INDIA,DELHI-BULANDSHEHER,NEHA YATRI PLAZA,RAJMA RICE,DINE IN ,2,NORTH INDIAN,NO,CASH,200,3.8,4.4,20
17-03-2019,MOR-6950,Smriti Varma,510054,DELHI,DELHI,INDIA,DELHI-BULANDSHEHER,NEHA YATRI PLAZA,RAJMA RICE,DINE IN ,1,NORTH INDIAN,NO,CASH,100,4.1,3.1,10
17-03-2019,MOR-4409,Jagruti Sankaran,510054,DELHI,DELHI,INDIA,DELHI-BULANDSHEHER,NEHA YATRI PLAZA,CHOLEY RICE,DINE IN ,2,NORTH INDIAN,YES,CASH,200,4.7,3.7,20
17-03-2019,MOR-6736,Monica Talwar,510054,DELHI,DELHI,INDIA,DELHI-BULANDSHEHER,NEHA YATRI PLAZA,RAJMA RICE,DINE IN ,2,NORTH INDIAN,YES,CASH,200,3.9,2.9,20
17-03-2019,MOR-6792,Kalyan Mann,510054,DELHI,DELHI,INDIA,DELHI-BULANDSHEHER,NEHA YATRI PLAZA,RAJMA RICE,DINE IN ,2,NORTH INDIAN,YES,CASH,200,4.1,4,20
17-03-2019,MOR-6022,Himanshu Sur,510054,DELHI,DELHI,INDIA,DELHI-BULANDSHEHER,NEHA YATRI PLAZA,CHOLEY RICE,DINE IN ,2,NORTH INDIAN,YES,CASH,200,3.5,4.4,20
17-03-2019,MOR-5003,Anusha Dey,510054,DELHI,DELHI,INDIA,DELHI-BULANDSHEHER,NEHA YATRI PLAZA,PEPSI,DINE IN ,2,BEVERAGES,YES,CASH,160,4.2,3.3,16
17-03-2019,MOR-5407,Sameera Pant,510054,DELHI,DELHI,INDIA,DELHI-BULANDSHEHER,NEHA YATRI PLAZA,CHOWMIN,DINE IN ,1,FAST FOOD,YES,CASH,80,3.6,3.1,8
17-03-2019,MOR-7379,Tanay Raval,510054,DELHI,DELHI,INDIA,DELHI-BULANDSHEHER,NEHA YATRI PLAZA,BURGER,DINE IN ,2,FAST FOOD,YES,CASH,160,3.5,3.1,16
17-03-2019,MOR-6848,Prabha Buch,510054,DELHI,DELHI,INDIA,DELHI-BULANDSHEHER,NEHA YATRI PLAZA,PASTA,DINE IN ,2,FAST FOOD,NO,ONLINE,200,4.2,4.2,20
17-03-2019,MOR-4962,Ibrahim Tara,510054,DELHI,DELHI,INDIA,DELHI-BULANDSHEHER,NEHA YATRI PLAZA,CHOWMIN,DINE IN ,2,FAST FOOD,NO,CASH,160,4.4,4.5,16
17-03-2019,MOR-4760,Javed Deshpande,510054,DELHI,DELHI,INDIA,DELHI-BULANDSHEHER,NEHA YATRI PLAZA,BURGER,DINE IN ,2,FAST FOOD,NO,CASH,160,3.5,2.3,16
17-03-2019,MOR-5093,Aatif Divan,510054,DELHI,DELHI,INDIA,DELHI-BULANDSHEHER,NEHA YATRI PLAZA,PASTA,DINE IN ,2,FAST FOOD,YES,CASH,200,4.7,5,20
17-03-2019,MOR-7048,Fatima Grover,510054,DELHI,DELHI,INDIA,DELHI-BULANDSHEHER,NEHA YATRI PLAZA,CHOWMIN,DINE IN ,2,FAST FOOD,YES,CASH,160,4.1,3.6,16
16-03-2019,MOR-7386,Srinivasan Varkey,510054,DELHI,DELHI,INDIA,DELHI-BULANDSHEHER,NEHA YATRI PLAZA,BURGER,DINE IN ,2,FAST FOOD,YES,CASH,160,3.9,3.1,16
16-03-2019,MOR-7318,Animesh Shah,510054,DELHI,DELHI,INDIA,DELHI-BULANDSHEHER,NEHA YATRI PLAZA,PASTA,DINE IN ,2,FAST FOOD,YES,CASH,200,4,3.9,20
16-03-2019,MOR-4710,Hetan Sarkar,510054,DELHI,DELHI,INDIA,DELHI-BULANDSHEHER,NEHA YATRI PLAZA,COCACOLA,DINE IN ,2,BEVERAGES,YES,CASH,70,4.1,4.4,7
16-03-2019,MOR-7621,Alaknanda Bora,510054,DELHI,DELHI,INDIA,DELHI-BULANDSHEHER,NEHA YATRI PLAZA,VEG PULAO,DINE IN ,1,NORTH INDIAN,YES,CASH,120,3.5,4.2,12
16-03-2019,MOR-5970,Alaknanda Dewan,510054,DELHI,DELHI,INDIA,DELHI-BULANDSHEHER,NEHA YATRI PLAZA,KADI RICE,DINE IN ,1,NORTH INDIAN,YES,CASH,80,4.1,4.8,8
15-03-2019,MOR-6686,Indrani Masih,510054,DELHI,DELHI,INDIA,DELHI-BULANDSHEHER,NEHA YATRI PLAZA,KADI RICE,DINE IN ,1,NORTH INDIAN,NO,CASH,80,4.1,4.3,8
15-03-2019,MOR-7013,Pushpa Shah,510054,DELHI,DELHI,INDIA,DELHI-BULANDSHEHER,NEHA YATRI PLAZA,IDLI,DINE IN ,1,SOUTH INDIAN,NO,CASH,70,4.1,4.2,7
15-03-2019,MOR-7973,Heer Nair,510054,DELHI,DELHI,INDIA,DELHI-BULANDSHEHER,NEHA YATRI PLAZA,ALOO TIKKY,DINE IN ,1,INDIAN SNACKS,NO,CASH,60,4.4,4.4,6
15-03-2019,MOR-6713,Ajinkya Chauhan,510054,DELHI,DELHI,INDIA,DELHI-BULANDSHEHER,NEHA YATRI PLAZA,CHOLEY SAMOSE,DINE IN ,1,INDIAN SNACKS,YES,CASH,40,3.8,4.3,4
15-03-2019,MOR-4055,Binoya Saha,510054,DELHI,DELHI,INDIA,DELHI-BULANDSHEHER,NEHA YATRI PLAZA,CHOLEY BHATUREY,DINE IN ,1,INDIAN SNACKS,YES,CASH,80,4.3,4,8
15-03-2019,MOR-5653,Maya Baral,510054,DELHI,DELHI,INDIA,DELHI-BULANDSHEHER,NEHA YATRI PLAZA,CHOLEY SAMOSE,DINE IN ,1,INDIAN SNACKS,YES,CASH,40,4.1,1.4,4
15-03-2019,MOR-4767,Jyoti Mane,510054,DELHI,DELHI,INDIA,DELHI-BULANDSHEHER,NEHA YATRI PLAZA,CHOLEY BHATUREY,DINE IN ,1,INDIAN SNACKS,YES,CASH,80,4.1,3.3,8
15-03-2019,MOR-5706,Sharad Sarraf,617633,DELHI,DELHI,INDIA,DELHI-BARAILEY,SHIVA TOURIST DHABA,PAPDI CHAAT,DINE IN ,1,INDIAN SNACKS,YES,CASH,80,4.1,4.3,8
15-03-2019,MOR-5613,Alaknanda Murty,617633,DELHI,DELHI,INDIA,DELHI-BARAILEY,SHIVA TOURIST DHABA,PAO BHAJI,DINE IN ,1,INDIAN SNACKS,YES,CASH,90,3.8,3.1,9
15-03-2019,MOR-4536,Mehul Dube,617633,DELHI,DELHI,INDIA,DELHI-BARAILEY,SHIVA TOURIST DHABA,PAO BHAJI,DINE IN ,1,INDIAN SNACKS,YES,CASH,90,4.3,4.6,9
15-03-2019,MOR-7162,Abdul Gola,617633,DELHI,DELHI,INDIA,DELHI-BARAILEY,SHIVA TOURIST DHABA,PAO BHAJI,DINE IN ,1,INDIAN SNACKS,NO,CASH,90,4.4,4.7,9
14-03-2019,MOR-6250,Mohanlal Pillay,617633,DELHI,DELHI,INDIA,DELHI-BARAILEY,SHIVA TOURIST DHABA,PAO BHAJI,DINE IN ,1,INDIAN SNACKS,NO,CASH,90,4.2,4.2,9
14-03-2019,MOR-5424,Nandini Rampersad,617633,DELHI,DELHI,INDIA,DELHI-BARAILEY,SHIVA TOURIST DHABA,CHOWMIN,DINE IN ,1,FAST FOOD,NO,CASH,80,4.4,3.9,8
14-03-2019,MOR-4018,Mayawati Jani,617633,DELHI,DELHI,INDIA,DELHI-BARAILEY,SHIVA TOURIST DHABA,PASTA,DINE OUT,1,FAST FOOD,YES,CASH,100,4.3,3.4,10
14-03-2019,MOR-7220,Jagdish Rau,617633,DELHI,DELHI,INDIA,DELHI-BARAILEY,SHIVA TOURIST DHABA,IDLI,DINE IN ,1,SOUTH INDIAN,YES,CASH,70,4.1,4.3,7
14-03-2019,MOR-5166,Sai Dial,617633,DELHI,DELHI,INDIA,DELHI-BARAILEY,SHIVA TOURIST DHABA,DOSA,DINE OUT,1,SOUTH INDIAN,YES,CASH,80,4,4.8,8
14-03-2019,MOR-7123,Gunjan Narula,617633,DELHI,DELHI,INDIA,DELHI-BARAILEY,SHIVA TOURIST DHABA,CHOLEY SAMOSE,DINE IN ,1,INDIAN SNACKS,YES,CASH,40,4.2,4.8,4
14-03-2019,MOR-5837,Sukriti Chada,617633,DELHI,DELHI,INDIA,DELHI-BARAILEY,SHIVA TOURIST DHABA,ALOO TIKKY,DINE IN ,1,INDIAN SNACKS,YES,CASH,60,4.1,4.5,6
14-03-2019,MOR-5034,Pamela Srinivasan,617633,DELHI,DELHI,INDIA,DELHI-BARAILEY,SHIVA TOURIST DHABA,ALOO TIKKY,DINE IN ,1,INDIAN SNACKS,YES,CASH,60,3.9,3.3,6
13-03-2019,MOR-7117,Yasmin Gara,617633,DELHI,DELHI,INDIA,DELHI-BARAILEY,SHIVA TOURIST DHABA,DAHI BHALLA,DINE IN ,1,INDIAN SNACKS,YES,CASH,70,4.4,4.2,7
13-03-2019,MOR-5311,Gulzar Borra,617633,DELHI,DELHI,INDIA,DELHI-BARAILEY,SHIVA TOURIST DHABA,TEA,DINE IN ,1,BEVERAGES,NO,CASH,20,3.5,4.9,2
13-03-2019,MOR-5423,Nupoor Nayar,617633,DELHI,DELHI,INDIA,DELHI-BARAILEY,SHIVA TOURIST DHABA,TEA,DINE OUT,1,BEVERAGES,NO,CASH,20,4.5,4.2,2
13-03-2019,MOR-7226,Kajol Malhotra,617633,DELHI,DELHI,INDIA,DELHI-BARAILEY,SHIVA TOURIST DHABA,PEPSI,DINE OUT,1,BEVERAGES,NO,CASH,80,4.5,4.6,8
13-03-2019,MOR-6746,Fakaruddin Sundaram,617633,DELHI,DELHI,INDIA,DELHI-BARAILEY,SHIVA TOURIST DHABA,PEPSI,DINE IN ,1,BEVERAGES,YES,CASH,80,4.8,4.1,8
13-03-2019,MOR-7062,Peter Kumer,617633,DELHI,DELHI,INDIA,DELHI-BARAILEY,SHIVA TOURIST DHABA,CHOWMIN,DINE IN ,1,FAST FOOD,YES,CASH,80,4.4,4.6,8
13-03-2019,MOR-7667,Saurabh Batra,617633,DELHI,DELHI,INDIA,DELHI-BARAILEY,SHIVA TOURIST DHABA,BURGER,DINE IN ,1,FAST FOOD,YES,CASH,80,4.5,4,8
12-03-2019,MOR-5088,Kamini Rao,617633,DELHI,DELHI,INDIA,DELHI-BARAILEY,SHIVA TOURIST DHABA,PASTA,DINE IN ,1,FAST FOOD,YES,CASH,100,4.5,4.2,10
12-03-2019,MOR-7323,Zeeshan Chaudry,617633,DELHI,DELHI,INDIA,DELHI-BARAILEY,SHIVA TOURIST DHABA,PASTA,DINE OUT,1,FAST FOOD,YES,CASH,100,3.5,5,10
12-03-2019,MOR-4557,Arvind Doshi,617633,DELHI,DELHI,INDIA,DELHI-BARAILEY,SHIVA TOURIST DHABA,PASTA,DINE IN ,1,FAST FOOD,YES,CASH,100,4.7,4.1,10
12-03-2019,MOR-5697,Neerendra Dash,617633,DELHI,DELHI,INDIA,DELHI-BARAILEY,SHIVA TOURIST DHABA,BURGER,DINE IN ,1,FAST FOOD,YES,CASH,80,4.3,3.7,8
12-03-2019,MOR-4145,Venkat Dora,617633,DELHI,DELHI,INDIA,DELHI-BARAILEY,SHIVA TOURIST DHABA,BURGER,DINE IN ,1,FAST FOOD,NO,CASH,80,4.3,4.1,8
12-03-2019,MOR-4636,Aarushi Goda,617633,DELHI,DELHI,INDIA,DELHI-BARAILEY,SHIVA TOURIST DHABA,CHOWMIN,DINE IN ,1,FAST FOOD,NO,CASH,80,4.4,3.8,8
11-03-2019,MOR-6711,Ajay Nori,617633,DELHI,DELHI,INDIA,DELHI-BARAILEY,SHIVA TOURIST DHABA,PASTA,DINE IN ,1,FAST FOOD,NO,CASH,100,4.3,4.7,10
11-03-2019,MOR-7409,Nikita Bath,617633,BARAILEY,UTTAR PRADESH,INDIA,DELHI-BARAILEY,SHIVA TOURIST DHABA,CHOWMIN,DINE OUT,1,FAST FOOD,NO,CASH,80,4.5,3.5,8
11-03-2019,MOR-5913,Baalkrishan Parmer,617633,BARAILEY,UTTAR PRADESH,INDIA,DELHI-BARAILEY,SHIVA TOURIST DHABA,BURGER,DINE OUT,1,FAST FOOD,NO,CASH,80,4.4,4,8
11-03-2019,MOR-6161,Padama Sachdev,617633,BARAILEY,UTTAR PRADESH,INDIA,DELHI-BARAILEY,SHIVA TOURIST DHABA,BURGER,DINE IN ,1,FAST FOOD,NO,CASH,80,4.5,4.2,8
11-03-2019,MOR-4116,Sona Yohannan,718890,BARAILEY,UTTAR PRADESH,INDIA,BARAILEY-DELHI,SHIVA TOURIST DHABA,PASTA,DINE IN ,1,FAST FOOD,NO,CASH,100,4.4,3.3,10
11-03-2019,MOR-5112,Amrit Solanki,718890,BARAILEY,UTTAR PRADESH,INDIA,BARAILEY-DELHI,SHIVA TOURIST DHABA,KADI RICE,DINE IN ,1,NORTH INDIAN,NO,CASH,80,4.5,3.7,8
11-03-2019,MOR-6108,Lalita Kohli,718890,BARAILEY,UTTAR PRADESH,INDIA,BARAILEY-DELHI,SHIVA TOURIST DHABA,KADI RICE,DINE OUT,1,NORTH INDIAN,YES,CASH,80,3.5,3.4,8
11-03-2019,MOR-5419,Bhairavi Virk,718890,BARAILEY,UTTAR PRADESH,INDIA,BARAILEY-DELHI,SHIVA TOURIST DHABA,CHOLEY BHATUREY,DINE OUT,1,INDIAN SNACKS,YES,CASH,80,4.7,3.7,8
11-03-2019,MOR-6583,Tabeed Som,718890,BARAILEY,UTTAR PRADESH,INDIA,BARAILEY-DELHI,SHIVA TOURIST DHABA,RAJMA RICE,DINE IN ,1,NORTH INDIAN,YES,CASH,100,3.5,5,10
11-03-2019,MOR-6078,Binod Lall,718890,BARAILEY,UTTAR PRADESH,INDIA,BARAILEY-DELHI,SHIVA TOURIST DHABA,RAJMA RICE,DINE IN ,1,NORTH INDIAN,NO,CASH,100,4.4,4.4,10
11-03-2019,MOR-6980,Prabhat Reddy,718890,BARAILEY,UTTAR PRADESH,INDIA,BARAILEY-DELHI,SHIVA TOURIST DHABA,CHOLEY RICE,DINE IN ,1,NORTH INDIAN,YES,CASH,100,4.5,5,10
11-03-2019,MOR-6140,Deep Mahabir,718890,BARAILEY,UTTAR PRADESH,INDIA,BARAILEY-DELHI,SHIVA TOURIST DHABA,KADI RICE,DINE OUT,1,NORTH INDIAN,NO,CASH,80,4.7,4.8,8
11-03-2019,MOR-4372,Vijayent Dada,718890,BARAILEY,UTTAR PRADESH,INDIA,BARAILEY-DELHI,SHIVA TOURIST DHABA,RASMALAI,DINE IN ,2,SWEETS,NO,CASH,60,4.7,4.4,6
11-03-2019,MOR-6836,Umesh Baria,718890,BARAILEY,UTTAR PRADESH,INDIA,BARAILEY-DELHI,SHIVA TOURIST DHABA,GULAB JAMUN,DINE IN ,2,SWEETS,NO,CASH,40,4.1,4.9,4
10-03-2019,MOR-7078,Geetanjali Deep,718890,BARAILEY,UTTAR PRADESH,INDIA,BARAILEY-DELHI,SHIVA TOURIST DHABA,GULAB JAMUN,DINE IN ,2,SWEETS,YES,CASH,40,4.8,4,4
10-03-2019,MOR-7851,Hema George,718890,BARAILEY,UTTAR PRADESH,INDIA,BARAILEY-DELHI,SHIVA TOURIST DHABA,CHOLEY BHATUREY,DINE IN ,2,INDIAN SNACKS,YES,CASH,160,4.4,4.4,16
10-03-2019,MOR-7458,Maya Master,718890,BARAILEY,UTTAR PRADESH,INDIA,BARAILEY-DELHI,SHIVA TOURIST DHABA,VEG THALI,DINE IN ,2,NORTH INDIAN,YES,CASH,240,4.2,4.5,24
10-03-2019,MOR-6049,Ram Chaudry,718890,BARAILEY,UTTAR PRADESH,INDIA,BARAILEY-DELHI,SHIVA TOURIST DHABA,VEG THALI,DINE OUT,1,NORTH INDIAN,YES,CASH,120,4.4,4.9,12
10-03-2019,MOR-6976,Bhanupriya Bala,718890,BARAILEY,UTTAR PRADESH,INDIA,BARAILEY-DELHI,SHIVA TOURIST DHABA,VEG THALI,DINE OUT,1,NORTH INDIAN,YES,CASH,120,4.7,4.4,12
10-03-2019,MOR-4895,Sabina Sahota,718890,BARAILEY,UTTAR PRADESH,INDIA,BARAILEY-DELHI,SHIVA TOURIST DHABA,CHOLEY RICE,DINE IN ,1,NORTH INDIAN,YES,CASH,100,4.3,4.4,10
10-03-2019,MOR-4961,Bhairavi Nazareth,718890,BARAILEY,UTTAR PRADESH,INDIA,BARAILEY-DELHI,SHIVA TOURIST DHABA,GULAB JAMUN,DINE IN ,1,NORTH INDIAN,YES,CASH,20,4.7,5,2
10-03-2019,MOR-7263,Mohit Gupta,718890,BARAILEY,UTTAR PRADESH,INDIA,BARAILEY-DELHI,SHIVA TOURIST DHABA,GULAB JAMUN,DINE IN ,1,SWEETS,NO,CASH,20,4.2,4.8,2
10-03-2019,MOR-7704,Navami Thaman,718890,BARAILEY,UTTAR PRADESH,INDIA,BARAILEY-DELHI,SHIVA TOURIST DHABA,RASGULLA,DINE OUT,1,SWEETS,NO,CASH,20,4.3,4.6,2
10-03-2019,MOR-7580,Uma Shroff,718890,BARAILEY,UTTAR PRADESH,INDIA,BARAILEY-DELHI,SHIVA TOURIST DHABA,RASGULLA,DINE OUT,1,SWEETS,NO,CASH,20,4.4,4.3,2
09-03-2019,MOR-7991,Sai Memon,718890,BARAILEY,UTTAR PRADESH,INDIA,BARAILEY-DELHI,SHIVA TOURIST DHABA,TEA,DINE IN ,1,BEVERAGES,YES,CASH,20,4.1,3.8,2
09-03-2019,MOR-6238,Kim Dash,718890,BARAILEY,UTTAR PRADESH,INDIA,BARAILEY-DELHI,SHIVA TOURIST DHABA,COFFEE,DINE IN ,1,BEVERAGES,YES,CASH,40,4.1,4.3,4
09-03-2019,MOR-6303,Jagruti Bhatia,718890,BARAILEY,UTTAR PRADESH,INDIA,BARAILEY-DELHI,SHIVA TOURIST DHABA,ALOO TIKKY,DINE IN ,1,INDIAN SNACKS,YES,ONLINE,60,4.2,4.3,6
09-03-2019,MOR-5099,Krishna Gokhale,718890,BARAILEY,UTTAR PRADESH,INDIA,BARAILEY-DELHI,SHIVA TOURIST DHABA,CHOLEY SAMOSE,DINE OUT,1,INDIAN SNACKS,YES,ONLINE,40,4.5,4.1,4
08-03-2019,MOR-7842,Labeen Kota,718890,BARAILEY,UTTAR PRADESH,INDIA,BARAILEY-DELHI,SHIVA TOURIST DHABA,CHOLEY BHATUREY,DINE IN ,1,INDIAN SNACKS,YES,ONLINE,80,4.7,4.5,8
08-03-2019,MOR-5352,Parveen Bobal,718890,BARAILEY,UTTAR PRADESH,INDIA,BARAILEY-DELHI,SHIVA TOURIST DHABA,CHOLEY SAMOSE,DINE IN ,1,INDIAN SNACKS,YES,ONLINE,40,3.5,4.2,4
08-03-2019,MOR-5487,Kabeer Bhardwaj,718890,BARAILEY,UTTAR PRADESH,INDIA,BARAILEY-DELHI,SHIVA TOURIST DHABA,CHOLEY BHATUREY,DINE IN ,1,INDIAN SNACKS,YES,ONLINE,80,4.5,3.8,8
08-03-2019,MOR-7582,Hari Mahal,718890,BARAILEY,UTTAR PRADESH,INDIA,BARAILEY-DELHI,SHIVA TOURIST DHABA,PAPDI CHAAT,DINE OUT,1,INDIAN SNACKS,NO,ONLINE,80,3.1,4.3,8
08-03-2019,MOR-5992,Govind Karan,708686,LUCKNOW,UTTAR PRADESH,INDIA,LUCKNOW-GORAKHPUR,ARVIND PALACE,PAO BHAJI,DINE IN ,1,INDIAN SNACKS,NO,ONLINE,90,4.1,4.4,9
07-03-2019,MOR-6044,Niyati Mannan,708686,LUCKNOW,UTTAR PRADESH,INDIA,LUCKNOW-GORAKHPUR,ARVIND PALACE,PAO BHAJI,DINE OUT,1,INDIAN SNACKS,NO,ONLINE,90,3.4,4.2,9
07-03-2019,MOR-4577,Geetanjali Ramachandran,708686,LUCKNOW,UTTAR PRADESH,INDIA,LUCKNOW-GORAKHPUR,ARVIND PALACE,PAO BHAJI,DINE IN ,1,INDIAN SNACKS,YES,ONLINE,90,4.4,4.2,9
07-03-2019,MOR-5464,Ankita Krish,708686,LUCKNOW,UTTAR PRADESH,INDIA,LUCKNOW-GORAKHPUR,ARVIND PALACE,PAO BHAJI,DINE IN ,1,INDIAN SNACKS,YES,ONLINE,90,4.3,3.8,9
07-03-2019,MOR-4260,Ajeet Kuruvilla,708686,LUCKNOW,UTTAR PRADESH,INDIA,LUCKNOW-GORAKHPUR,ARVIND PALACE,DAHI BHALLA,DINE IN ,1,INDIAN SNACKS,YES,ONLINE,70,3.5,4.2,7
06-03-2019,MOR-5637,Diya Kulkarni,708686,LUCKNOW,UTTAR PRADESH,INDIA,LUCKNOW-GORAKHPUR,ARVIND PALACE,CHOLEY BHATUREY,DINE IN ,1,INDIAN SNACKS,YES,ONLINE,80,4.4,4,8
06-03-2019,MOR-4782,Amir Dutta,708686,LUCKNOW,UTTAR PRADESH,INDIA,LUCKNOW-GORAKHPUR,ARVIND PALACE,CHOLEY BHATUREY,DINE IN ,1,INDIAN SNACKS,YES,ONLINE,80,4.3,4.2,8
05-03-2019,MOR-4287,Taahid Sengupta,708686,LUCKNOW,UTTAR PRADESH,INDIA,LUCKNOW-GORAKHPUR,ARVIND PALACE,CHOLEY SAMOSE,DINE OUT,1,INDIAN SNACKS,YES,ONLINE,40,3.5,4.3,4
05-03-2019,MOR-4929,Giaan Maharaj,708686,LUCKNOW,UTTAR PRADESH,INDIA,LUCKNOW-GORAKHPUR,ARVIND PALACE,CHOLEY SAMOSE,DINE OUT,1,INDIAN SNACKS,YES,ONLINE,40,4.2,4.3,4
05-03-2019,MOR-4426,Sheetal Malpani,708686,LUCKNOW,UTTAR PRADESH,INDIA,LUCKNOW-GORAKHPUR,ARVIND PALACE,ALOO TIKKY,DINE IN ,1,INDIAN SNACKS,NO,ONLINE,60,4.2,4.4,6
05-03-2019,MOR-7274,Radhika Vaidya,708686,LUCKNOW,UTTAR PRADESH,INDIA,LUCKNOW-GORAKHPUR,ARVIND PALACE,ALOO TIKKY,DINE IN ,1,INDIAN SNACKS,NO,ONLINE,60,4.5,4.7,6
04-03-2019,MOR-4329,Neela Kunda,708686,LUCKNOW,UTTAR PRADESH,INDIA,LUCKNOW-GORAKHPUR,ARVIND PALACE,DAHI BHALLA,DINE IN ,1,INDIAN SNACKS,NO,ONLINE,70,4.4,4.1,7
04-03-2019,MOR-5931,Aastha Patla,708686,LUCKNOW,UTTAR PRADESH,INDIA,LUCKNOW-GORAKHPUR,ARVIND PALACE,SPECIAL VEG THALI,DINE IN ,1,NORTH INDIAN,YES,ONLINE,200,4.2,4.5,20
04-03-2019,MOR-5914,Arvind Mahajan,708686,LUCKNOW,UTTAR PRADESH,INDIA,LUCKNOW-GORAKHPUR,ARVIND PALACE,CHOWMIN,DINE OUT,1,FAST FOOD,YES,ONLINE,80,4.5,4.2,8
04-03-2019,MOR-4681,Teena Sathe,708686,LUCKNOW,UTTAR PRADESH,INDIA,LUCKNOW-GORAKHPUR,ARVIND PALACE,BURGER,DINE IN ,1,FAST FOOD,YES,ONLINE,80,4.8,4.3,8
04-03-2019,MOR-7534,Amrit Nadig,708686,LUCKNOW,UTTAR PRADESH,INDIA,LUCKNOW-GORAKHPUR,ARVIND PALACE,PASTA,DINE IN ,1,FAST FOOD,YES,ONLINE,100,4.4,4.4,10
04-03-2019,MOR-6708,Teena Murty,708686,LUCKNOW,UTTAR PRADESH,INDIA,LUCKNOW-GORAKHPUR,ARVIND PALACE,PASTA,DINE IN ,1,FAST FOOD,YES,ONLINE,100,3.5,4.5,10
03-03-2019,MOR-4976,Riddhi Bawa,708686,LUCKNOW,UTTAR PRADESH,INDIA,LUCKNOW-GORAKHPUR,ARVIND PALACE,BURGER,DINE IN ,1,FAST FOOD,YES,ONLINE,80,4.5,4.3,8
03-03-2019,MOR-6368,Mukti Trivedi,708686,LUCKNOW,UTTAR PRADESH,INDIA,LUCKNOW-GORAKHPUR,ARVIND PALACE,CHOWMIN,DINE IN ,1,FAST FOOD,YES,ONLINE,80,4.3,3.1,8
03-03-2019,MOR-5582,Prabhat Subramaniam,708686,LUCKNOW,UTTAR PRADESH,INDIA,LUCKNOW-GORAKHPUR,ARVIND PALACE,CHOWMIN,DINE OUT,1,FAST FOOD,NO,ONLINE,80,3.5,4.2,8
03-03-2019,MOR-6931,Meghana Sastry,708686,LUCKNOW,UTTAR PRADESH,INDIA,LUCKNOW-GORAKHPUR,ARVIND PALACE,VEG THALI,DINE OUT,1,NORTH INDIAN,NO,ONLINE,120,4.4,4,12
03-03-2019,MOR-6080,Sunita Chahal,708686,LUCKNOW,UTTAR PRADESH,INDIA,LUCKNOW-GORAKHPUR,ARVIND PALACE,SPECIAL VEG THALI,DINE IN ,2,NORTH INDIAN,NO,ONLINE,400,4.4,3.4,40
02-03-2019,MOR-5595,Aarif Bal,708686,LUCKNOW,UTTAR PRADESH,INDIA,LUCKNOW-GORAKHPUR,ARVIND PALACE,RAJMA RICE,DINE IN ,2,NORTH INDIAN,YES,ONLINE,200,4.5,4.4,20
02-03-2019,MOR-7575,Naresh Verma,708686,LUCKNOW,UTTAR PRADESH,INDIA,LUCKNOW-GORAKHPUR,ARVIND PALACE,CHOLEY RICE,DINE IN ,2,NORTH INDIAN,YES,ONLINE,200,3.5,3.8,20
02-03-2019,MOR-7767,Nagma Gupta,708686,LUCKNOW,UTTAR PRADESH,INDIA,LUCKNOW-GORAKHPUR,ARVIND PALACE,KADI RICE,DINE OUT,2,NORTH INDIAN,YES,ONLINE,160,3.5,3,16
02-03-2019,MOR-6382,Harbhajan Radhakrishnan,708686,LUCKNOW,UTTAR PRADESH,INDIA,LUCKNOW-GORAKHPUR,ARVIND PALACE,VEG THALI,DINE OUT,2,NORTH INDIAN,YES,ONLINE,240,3.5,4.1,24
02-03-2019,MOR-4009,Gayatri Ganguly,708686,LUCKNOW,UTTAR PRADESH,INDIA,LUCKNOW-GORAKHPUR,ARVIND PALACE,VEG PULAO,DINE IN ,2,NORTH INDIAN,YES,CASH,240,4.1,4.4,24
01-03-2019,MOR-7129,Javed Suresh,708686,LUCKNOW,UTTAR PRADESH,INDIA,LUCKNOW-GORAKHPUR,ARVIND PALACE,ALOO TIKKY,DINE IN ,2,INDIAN SNACKS,YES,CASH,120,4.5,4.1,12
01-03-2019,MOR-6247,Pamela Sengupta,708686,LUCKNOW,UTTAR PRADESH,INDIA,LUCKNOW-GORAKHPUR,ARVIND PALACE,CHOLEY SAMOSE,DINE IN ,2,INDIAN SNACKS,YES,CASH,80,3.5,4.1,8
01-03-2019,MOR-7715,Qabool Narayan,708686,LUCKNOW,UTTAR PRADESH,INDIA,LUCKNOW-GORAKHPUR,ARVIND PALACE,CHOLEY BHATUREY,DINE OUT,2,INDIAN SNACKS,NO,CASH,160,4.4,4.1,16
01-03-2019,MOR-4580,Jack Chander,708686,LUCKNOW,UTTAR PRADESH,INDIA,LUCKNOW-GORAKHPUR,ARVIND PALACE,CHOLEY SAMOSE,DINE IN ,2,INDIAN SNACKS,NO,CASH,80,4.7,4.5,8
01-03-2019,MOR-7878,Babita Vohra,708686,LUCKNOW,UTTAR PRADESH,INDIA,LUCKNOW-GORAKHPUR,ARVIND PALACE,CHOLEY BHATUREY,DINE IN ,2,INDIAN SNACKS,NO,CASH,160,3.5,4.1,16
28-02-2019,MOR-7439,Aadish Koshy,708686,LUCKNOW,UTTAR PRADESH,INDIA,LUCKNOW-GORAKHPUR,ARVIND PALACE,PAPDI CHAAT,DINE IN ,2,INDIAN SNACKS,YES,CASH,160,4.3,2.2,16
28-02-2019,MOR-4545,Diya Saha,708686,LUCKNOW,UTTAR PRADESH,INDIA,LUCKNOW-GORAKHPUR,ARVIND PALACE,PAO BHAJI,DINE IN ,2,INDIAN SNACKS,YES,CASH,180,4.5,3.9,18
28-02-2019,MOR-4374,Yogesh Borde,708686,LUCKNOW,UTTAR PRADESH,INDIA,LUCKNOW-GORAKHPUR,ARVIND PALACE,PAO BHAJI,DINE IN ,1,INDIAN SNACKS,YES,CASH,90,3.5,4,9
28-02-2019,MOR-5375,Yash Varughese,708686,LUCKNOW,UTTAR PRADESH,INDIA,LUCKNOW-GORAKHPUR,ARVIND PALACE,PAO BHAJI,DINE OUT,1,INDIAN SNACKS,YES,CASH,90,4.2,4.3,9
28-02-2019,MOR-6330,Kamini Prasad,708686,LUCKNOW,UTTAR PRADESH,INDIA,LUCKNOW-GORAKHPUR,ARVIND PALACE,PAO BHAJI,DINE OUT,2,INDIAN SNACKS,YES,CASH,180,4.5,3.9,18
28-02-2019,MOR-5638,Abhishek Thaman,708686,LUCKNOW,UTTAR PRADESH,INDIA,LUCKNOW-GORAKHPUR,ARVIND PALACE,DAHI BHALLA,DINE IN ,1,INDIAN SNACKS,YES,CASH,70,4.8,4,7
28-02-2019,MOR-6018,Dhanush Raja,810020,GORAKHPUR,UTTAR PRADESH,INDIA,GORAKHPUR-LUCKNOW,YUVRAAJ PALACE,CHOLEY BHATUREY,DINE IN ,1,INDIAN SNACKS,YES,CASH,80,4.1,4.2,8
27-02-2019,MOR-6721,Sunita Tiwari,810020,GORAKHPUR,UTTAR PRADESH,INDIA,GORAKHPUR-LUCKNOW,YUVRAAJ PALACE,CHOLEY BHATUREY,DINE IN ,1,INDIAN SNACKS,NO,CASH,80,4.3,4.2,8
27-02-2019,MOR-6820,Kalpana Maheshwari,810020,GORAKHPUR,UTTAR PRADESH,INDIA,GORAKHPUR-LUCKNOW,YUVRAAJ PALACE,CHOLEY SAMOSE,DINE OUT,1,INDIAN SNACKS,NO,ONLINE,40,4.4,3.6,4
27-02-2019,MOR-4484,Sai Shanker,810020,GORAKHPUR,UTTAR PRADESH,INDIA,GORAKHPUR-LUCKNOW,YUVRAAJ PALACE,CHOLEY SAMOSE,DINE OUT,1,INDIAN SNACKS,NO,CASH,40,4,4.3,4
27-02-2019,MOR-6175,Aadil Mehan,810020,GORAKHPUR,UTTAR PRADESH,INDIA,GORAKHPUR-LUCKNOW,YUVRAAJ PALACE,ALOO TIKKY,DINE IN ,2,INDIAN SNACKS,YES,CASH,120,4.2,3.1,12
27-02-2019,MOR-6731,Anshu Krishna,810020,GORAKHPUR,UTTAR PRADESH,INDIA,GORAKHPUR-LUCKNOW,YUVRAAJ PALACE,ALOO TIKKY,DINE IN ,2,INDIAN SNACKS,YES,CASH,120,4,3.1,12
27-02-2019,MOR-5377,Bishnu Dyal,810020,GORAKHPUR,UTTAR PRADESH,INDIA,GORAKHPUR-LUCKNOW,YUVRAAJ PALACE,DAHI BHALLA,DINE IN ,2,INDIAN SNACKS,YES,CASH,140,4.2,4.4,14
27-02-2019,MOR-4766,Preshita Kothari,810020,GORAKHPUR,UTTAR PRADESH,INDIA,GORAKHPUR-LUCKNOW,YUVRAAJ PALACE,VEG THALI,DINE OUT,2,NORTH INDIAN,YES,CASH,240,4.5,2.6,24
26-02-2019,MOR-7859,Habib Mitra,810020,GORAKHPUR,UTTAR PRADESH,INDIA,GORAKHPUR-LUCKNOW,YUVRAAJ PALACE,VEG THALI,DINE IN ,1,NORTH INDIAN,YES,CASH,120,4.7,4.1,12
26-02-2019,MOR-5050,Anees Bobal,810020,GORAKHPUR,UTTAR PRADESH,INDIA,GORAKHPUR-LUCKNOW,YUVRAAJ PALACE,RAJMA RICE,DINE IN ,2,NORTH INDIAN,YES,CASH,200,4.2,3.1,20
26-02-2019,MOR-5463,Somnath Pillai,810020,GORAKHPUR,UTTAR PRADESH,INDIA,GORAKHPUR-LUCKNOW,YUVRAAJ PALACE,CHOLEY RICE,DINE IN ,1,NORTH INDIAN,YES,CASH,100,4.4,3.5,10
26-02-2019,MOR-4432,Ehsaan Mangal,810020,GORAKHPUR,UTTAR PRADESH,INDIA,GORAKHPUR-LUCKNOW,YUVRAAJ PALACE,KADI RICE,DINE OUT,1,NORTH INDIAN,NO,CASH,80,3.5,4.2,8
26-02-2019,MOR-5603,Amolika Bhalla,810020,GORAKHPUR,UTTAR PRADESH,INDIA,GORAKHPUR-LUCKNOW,YUVRAAJ PALACE,KADI RICE,DINE IN ,1,NORTH INDIAN,NO,CASH,80,4.9,3.1,8
26-02-2019,MOR-7125,Farah Morar,810020,GORAKHPUR,UTTAR PRADESH,INDIA,GORAKHPUR-LUCKNOW,YUVRAAJ PALACE,VEG PULAO,DINE OUT,1,NORTH INDIAN,NO,CASH,120,4.4,3.1,12
25-02-2019,MOR-6781,Owais Sanghvi,810020,GORAKHPUR,UTTAR PRADESH,INDIA,GORAKHPUR-LUCKNOW,YUVRAAJ PALACE,CHOLEY RICE,DINE IN ,1,NORTH INDIAN,YES,CASH,100,4.5,3.7,10
25-02-2019,MOR-4024,Upasana Singhal,810020,GORAKHPUR,UTTAR PRADESH,INDIA,GORAKHPUR-LUCKNOW,YUVRAAJ PALACE,CHOLEY BHATUREY,DINE IN ,1,INDIAN SNACKS,YES,CASH,80,3.5,4.5,8
25-02-2019,MOR-6195,Anand Bhatti,810020,GORAKHPUR,UTTAR PRADESH,INDIA,GORAKHPUR-LUCKNOW,YUVRAAJ PALACE,CHOLEY BHATUREY,DINE IN ,1,INDIAN SNACKS,YES,CASH,80,4.2,2.4,8
25-02-2019,MOR-4233,Sahil Sehgal,810020,GORAKHPUR,UTTAR PRADESH,INDIA,GORAKHPUR-LUCKNOW,YUVRAAJ PALACE,VEG THALI,DINE IN ,1,NORTH INDIAN,YES,CASH,120,4.5,3.1,12
25-02-2019,MOR-7370,Chitranjan Naik,810020,GORAKHPUR,UTTAR PRADESH,INDIA,GORAKHPUR-LUCKNOW,YUVRAAJ PALACE,SPECIAL VEG THALI,DINE IN ,1,NORTH INDIAN,YES,CASH,200,3.5,2.9,20
24-02-2019,MOR-6647,Aabha Bhasin,810020,GORAKHPUR,UTTAR PRADESH,INDIA,GORAKHPUR-LUCKNOW,YUVRAAJ PALACE,RAJMA RICE,DINE OUT,1,NORTH INDIAN,YES,CASH,100,3.5,4.2,10
24-02-2019,MOR-5561,Himanshu Batra,810020,GORAKHPUR,UTTAR PRADESH,INDIA,GORAKHPUR-LUCKNOW,YUVRAAJ PALACE,CHOLEY RICE,DINE OUT,1,NORTH INDIAN,YES,CASH,100,4.5,4.2,10
24-02-2019,MOR-6338,Aarif Guha,810020,GORAKHPUR,UTTAR PRADESH,INDIA,GORAKHPUR-LUCKNOW,YUVRAAJ PALACE,KADI RICE,DINE IN ,1,NORTH INDIAN,NO,CASH,80,4.4,4,8
24-02-2019,MOR-5745,Akhila Parikh,810020,GORAKHPUR,UTTAR PRADESH,INDIA,GORAKHPUR-LUCKNOW,YUVRAAJ PALACE,VEG COMBO,DINE IN ,1,NORTH INDIAN,NO,CASH,100,3.5,2.6,10
24-02-2019,MOR-7656,Deep Chana,810020,GORAKHPUR,UTTAR PRADESH,INDIA,GORAKHPUR-LUCKNOW,YUVRAAJ PALACE,VEG PULAO,DINE IN ,1,NORTH INDIAN,NO,CASH,120,4.5,4.4,12
24-02-2019,MOR-4884,Prabha Anne,810020,GORAKHPUR,UTTAR PRADESH,INDIA,GORAKHPUR-LUCKNOW,YUVRAAJ PALACE,VEG THALI,DINE IN ,1,NORTH INDIAN,YES,CASH,120,3.5,4.8,12
24-02-2019,MOR-5623,Dinesh Parmar,810020,GORAKHPUR,UTTAR PRADESH,INDIA,GORAKHPUR-LUCKNOW,YUVRAAJ PALACE,ALOO TIKKY,DINE OUT,1,INDIAN SNACKS,YES,CASH,60,4.4,4.7,6
24-02-2019,MOR-7665,Urmila Arora,810020,GORAKHPUR,UTTAR PRADESH,INDIA,GORAKHPUR-LUCKNOW,YUVRAAJ PALACE,CHOLEY SAMOSE,DINE IN ,1,INDIAN SNACKS,YES,CASH,40,4.4,4.4,4
24-02-2019,MOR-7706,Manoj Murthy,914050,LUCKNOW,UTTAR PRADESH,INDIA,LUCKNOW-ALLAHBAD,BATI SWEETS,CHOLEY BHATUREY,DINE IN ,1,INDIAN SNACKS,YES,CASH,80,4.3,4.6,8
24-02-2019,MOR-4543,Dipti Boase,914050,LUCKNOW,UTTAR PRADESH,INDIA,LUCKNOW-ALLAHBAD,BATI SWEETS,CHOLEY SAMOSE,DINE IN ,1,INDIAN SNACKS,YES,CASH,40,4.3,2.7,4
23-02-2019,MOR-7328,Ratan Bhattacharyya,914050,LUCKNOW,UTTAR PRADESH,INDIA,LUCKNOW-ALLAHBAD,BATI SWEETS,CHOLEY BHATUREY,DINE IN ,1,INDIAN SNACKS,YES,CASH,80,3.5,3.8,8
23-02-2019,MOR-7038,Kamlesh Ravi,914050,LUCKNOW,UTTAR PRADESH,INDIA,LUCKNOW-ALLAHBAD,BATI SWEETS,PAPDI CHAAT,DINE IN ,1,INDIAN SNACKS,YES,CASH,80,4.3,1.7,8
23-02-2019,MOR-4852,Harpreet Mann,914050,LUCKNOW,UTTAR PRADESH,INDIA,LUCKNOW-ALLAHBAD,BATI SWEETS,PAO BHAJI,DINE OUT,1,INDIAN SNACKS,NO,CASH,90,4.3,4.6,9
23-02-2019,MOR-5073,Chhaya Gagrani,914050,LUCKNOW,UTTAR PRADESH,INDIA,LUCKNOW-ALLAHBAD,BATI SWEETS,PAO BHAJI,DINE OUT,1,INDIAN SNACKS,NO,CASH,90,3.5,3.3,9
23-02-2019,MOR-5842,Hassan Sundaram,914050,LUCKNOW,UTTAR PRADESH,INDIA,LUCKNOW-ALLAHBAD,BATI SWEETS,PAO BHAJI,DINE IN ,1,INDIAN SNACKS,NO,CASH,90,4.5,3.1,9
23-02-2019,MOR-5920,Nitin Sachdev,914050,LUCKNOW,UTTAR PRADESH,INDIA,LUCKNOW-ALLAHBAD,BATI SWEETS,PAO BHAJI,DINE IN ,1,INDIAN SNACKS,YES,CASH,90,4.5,3.1,9
23-02-2019,MOR-7669,Yogesh Anand,914050,LUCKNOW,UTTAR PRADESH,INDIA,LUCKNOW-ALLAHBAD,BATI SWEETS,DAHI BHALLA,DINE IN ,1,INDIAN SNACKS,YES,CASH,70,4.2,4.6,7
23-02-2019,MOR-5654,Yamini Mahajan,914050,LUCKNOW,UTTAR PRADESH,INDIA,LUCKNOW-ALLAHBAD,BATI SWEETS,CHOLEY BHATUREY,DINE OUT,1,INDIAN SNACKS,YES,CASH,80,4.7,2.3,8
23-02-2019,MOR-5856,Mustafa Lalla,914050,LUCKNOW,UTTAR PRADESH,INDIA,LUCKNOW-ALLAHBAD,BATI SWEETS,CHOLEY BHATUREY,DINE OUT,1,INDIAN SNACKS,YES,CASH,80,4.3,4.5,8
23-02-2019,MOR-5239,Yash Swamy,914050,LUCKNOW,UTTAR PRADESH,INDIA,LUCKNOW-ALLAHBAD,BATI SWEETS,CHOLEY SAMOSE,DINE IN ,1,INDIAN SNACKS,YES,CASH,40,4,3.1,4
22-02-2019,MOR-7514,Veena Biswas,914050,LUCKNOW,UTTAR PRADESH,INDIA,LUCKNOW-ALLAHBAD,BATI SWEETS,CHOLEY SAMOSE,DINE IN ,1,INDIAN SNACKS,YES,CASH,40,4.4,4.8,4
22-02-2019,MOR-5960,Prabhat Rama,914050,LUCKNOW,UTTAR PRADESH,INDIA,LUCKNOW-ALLAHBAD,BATI SWEETS,ALOO TIKKY,DINE IN ,1,INDIAN SNACKS,YES,CASH,60,4.3,3.1,6
22-02-2019,MOR-5532,Farah Raju,914050,LUCKNOW,UTTAR PRADESH,INDIA,LUCKNOW-ALLAHBAD,BATI SWEETS,ALOO TIKKY,DINE OUT,1,INDIAN SNACKS,NO,CASH,60,3.5,5,6
22-02-2019,MOR-5072,Kasturi Rai,914050,LUCKNOW,UTTAR PRADESH,INDIA,LUCKNOW-ALLAHBAD,BATI SWEETS,DAHI BHALLA,DINE IN ,1,INDIAN SNACKS,NO,CASH,70,4.7,3.1,7
22-02-2019,MOR-6423,Gauransh Madan,914050,LUCKNOW,UTTAR PRADESH,INDIA,LUCKNOW-ALLAHBAD,BATI SWEETS,VEG THALI,DINE IN ,1,NORTH INDIAN,NO,CASH,120,4.4,4.1,12
22-02-2019,MOR-5672,Babita Sachdeva,914050,LUCKNOW,UTTAR PRADESH,INDIA,LUCKNOW-ALLAHBAD,BATI SWEETS,SPECIAL VEG THALI,DINE IN ,1,NORTH INDIAN,YES,CASH,200,4.7,3.1,20
22-02-2019,MOR-6496,Kartik Raval,914050,LUCKNOW,UTTAR PRADESH,INDIA,LUCKNOW-ALLAHBAD,BATI SWEETS,RAJMA RICE,DINE IN ,1,NORTH INDIAN,YES,CASH,100,4.4,3.1,10
21-02-2019,MOR-5832,Laveena Srinivas,914050,LUCKNOW,UTTAR PRADESH,INDIA,LUCKNOW-ALLAHBAD,BATI SWEETS,CHOLEY RICE,DINE IN ,1,NORTH INDIAN,YES,CASH,100,4.3,3.1,10
21-02-2019,MOR-7969,Nupoor Das,914050,LUCKNOW,UTTAR PRADESH,INDIA,LUCKNOW-ALLAHBAD,BATI SWEETS,KADI RICE,DINE OUT,1,NORTH INDIAN,YES,CASH,80,4.2,3.1,8
21-02-2019,MOR-6795,Akshay Pandey,914050,LUCKNOW,UTTAR PRADESH,INDIA,LUCKNOW-ALLAHBAD,BATI SWEETS,VEG COMBO,DINE OUT,1,NORTH INDIAN,YES,CASH,100,4.4,3.1,10
21-02-2019,MOR-5938,Umar Thakkar,914050,LUCKNOW,UTTAR PRADESH,INDIA,LUCKNOW-ALLAHBAD,BATI SWEETS,VEG PULAO,DINE IN ,1,NORTH INDIAN,YES,CASH,120,4.5,3.1,12
21-02-2019,MOR-6601,Gowri Mehta,914050,LUCKNOW,UTTAR PRADESH,INDIA,LUCKNOW-ALLAHBAD,BATI SWEETS,VEG THALI,DINE IN ,1,NORTH INDIAN,YES,CASH,120,4.5,4.9,12
21-02-2019,MOR-6669,Somnath Goyal,914050,LUCKNOW,UTTAR PRADESH,INDIA,LUCKNOW-ALLAHBAD,BATI SWEETS,CHOWMIN,DINE IN ,1,FAST FOOD,NO,CASH,80,4.5,3,8
21-02-2019,MOR-7832,Prabhat Mann,914050,LUCKNOW,UTTAR PRADESH,INDIA,LUCKNOW-ALLAHBAD,BATI SWEETS,BURGER,DINE OUT,1,FAST FOOD,NO,CASH,80,4.4,3.1,8
21-02-2019,MOR-4993,Chhavi Mahabir,914050,LUCKNOW,UTTAR PRADESH,INDIA,LUCKNOW-ALLAHBAD,BATI SWEETS,PASTA,DINE OUT,1,FAST FOOD,NO,CASH,100,4.3,3.1,10
21-02-2019,MOR-4507,Aruna Oza,914050,LUCKNOW,UTTAR PRADESH,INDIA,LUCKNOW-ALLAHBAD,BATI SWEETS,CHOWMIN,DINE IN ,1,FAST FOOD,YES,CASH,80,4.5,4.8,8
21-02-2019,MOR-6468,Tulsi Kannan,914050,LUCKNOW,UTTAR PRADESH,INDIA,LUCKNOW-ALLAHBAD,BATI SWEETS,CHOWMIN,DINE IN ,1,FAST FOOD,YES,CASH,80,4.7,4.5,8
21-02-2019,MOR-7468,Usman Iyer,914050,LUCKNOW,UTTAR PRADESH,INDIA,LUCKNOW-ALLAHBAD,BATI SWEETS,BURGER,DINE IN ,1,FAST FOOD,YES,CASH,80,4.7,3.4,8
21-02-2019,MOR-5132,Binod Saini,914050,LUCKNOW,UTTAR PRADESH,INDIA,LUCKNOW-ALLAHBAD,BATI SWEETS,CHOWMIN,DINE OUT,1,FAST FOOD,YES,CASH,80,3.5,3.1,8
20-02-2019,MOR-6389,Suraj Tella,914050,LUCKNOW,UTTAR PRADESH,INDIA,LUCKNOW-ALLAHBAD,BATI SWEETS,BURGER,DINE IN ,1,FAST FOOD,YES,CASH,80,3.5,3.1,8
20-02-2019,MOR-4575,Wafa Somani,914050,LUCKNOW,UTTAR PRADESH,INDIA,LUCKNOW-ALLAHBAD,BATI SWEETS,PASTA,DINE IN ,1,FAST FOOD,YES,CASH,100,4.4,3.1,10
20-02-2019,MOR-4791,Aman Pandey,914050,LUCKNOW,UTTAR PRADESH,INDIA,LUCKNOW-ALLAHBAD,BATI SWEETS,PASTA,DINE IN ,2,FAST FOOD,YES,CASH,200,4.4,3.1,20
20-02-2019,MOR-7321,Ankita Chopra,914050,LUCKNOW,UTTAR PRADESH,INDIA,LUCKNOW-ALLAHBAD,BATI SWEETS,PASTA,DINE IN ,2,FAST FOOD,NO,CASH,200,4.7,4,20
20-02-2019,MOR-7110,Astha Bawa,914050,LUCKNOW,UTTAR PRADESH,INDIA,LUCKNOW-ALLAHBAD,BATI SWEETS,PASTA,DINE IN ,2,FAST FOOD,NO,CASH,200,3.5,3.7,20
20-02-2019,MOR-7747,Somnath Gandhi,914050,LUCKNOW,UTTAR PRADESH,INDIA,LUCKNOW-ALLAHBAD,BATI SWEETS,BURGER,DINE IN ,2,FAST FOOD,NO,CASH,160,4.5,2.2,16
20-02-2019,MOR-5155,Isha Parekh,914050,LUCKNOW,UTTAR PRADESH,INDIA,LUCKNOW-ALLAHBAD,BATI SWEETS,BURGER,DINE IN ,3,FAST FOOD,NO,CASH,240,4.3,4.8,24
20-02-2019,MOR-7780,Anusha Gobin,914050,LUCKNOW,UTTAR PRADESH,INDIA,LUCKNOW-ALLAHBAD,BATI SWEETS,ALOO TIKKY,DINE IN ,3,INDIAN SNACKS,NO,CASH,180,4.3,3.1,18
19-02-2019,MOR-4130,Tanay Wason,117645,SULTANPUR,UTTAR PRADESH,INDIA,SULTANPUR-LUCKNOW,MISHRA YATRI PLAZA,CHOLEY SAMOSE,DINE IN ,3,INDIAN SNACKS,NO,CASH,120,4.3,5,12
19-02-2019,MOR-7733,Jaswant Sem,117645,SULTANPUR,UTTAR PRADESH,INDIA,SULTANPUR-LUCKNOW,MISHRA YATRI PLAZA,CHOLEY BHATUREY,DINE IN ,3,INDIAN SNACKS,NO,CASH,240,3.5,3.1,24
19-02-2019,MOR-7860,Rajendra Viswanathan,117645,SULTANPUR,UTTAR PRADESH,INDIA,SULTANPUR-LUCKNOW,MISHRA YATRI PLAZA,CHOLEY SAMOSE,DINE IN ,2,INDIAN SNACKS,NO,CASH,80,4.8,3.1,8
19-02-2019,MOR-4274,Vimala Murty,117645,SULTANPUR,UTTAR PRADESH,INDIA,SULTANPUR-LUCKNOW,MISHRA YATRI PLAZA,CHOLEY BHATUREY,DINE IN ,2,INDIAN SNACKS,YES,CASH,160,4.5,3.1,16
19-02-2019,MOR-6271,Hema Dani,117645,SULTANPUR,UTTAR PRADESH,INDIA,SULTANPUR-LUCKNOW,MISHRA YATRI PLAZA,PAPDI CHAAT,DINE IN ,1,INDIAN SNACKS,YES,ONLINE,80,4.4,4.5,8
18-02-2019,MOR-5422,Binod Rajagopalan,117645,SULTANPUR,UTTAR PRADESH,INDIA,SULTANPUR-LUCKNOW,MISHRA YATRI PLAZA,PAO BHAJI,DINE IN ,1,INDIAN SNACKS,YES,ONLINE,90,4.5,3.1,9
18-02-2019,MOR-5573,Ajinkya Amble,117645,SULTANPUR,UTTAR PRADESH,INDIA,SULTANPUR-LUCKNOW,MISHRA YATRI PLAZA,PAO BHAJI,DINE IN ,1,INDIAN SNACKS,NO,ONLINE,90,4.5,4.3,9
18-02-2019,MOR-5138,Monin Raja,117645,SULTANPUR,UTTAR PRADESH,INDIA,SULTANPUR-LUCKNOW,MISHRA YATRI PLAZA,PAO BHAJI,DINE IN ,1,INDIAN SNACKS,YES,ONLINE,90,4.5,3.8,9
18-02-2019,MOR-4424,Labeen Prakash,117645,SULTANPUR,UTTAR PRADESH,INDIA,SULTANPUR-LUCKNOW,MISHRA YATRI PLAZA,PAO BHAJI,DINE IN ,1,INDIAN SNACKS,NO,ONLINE,90,4.5,3.1,9
18-02-2019,MOR-4222,Rajendra Ramachandran,117645,SULTANPUR,UTTAR PRADESH,INDIA,SULTANPUR-LUCKNOW,MISHRA YATRI PLAZA,DAHI BHALLA,DINE IN ,2,INDIAN SNACKS,NO,ONLINE,140,4.5,4.5,14
18-02-2019,MOR-6342,Anil Kumar,117645,SULTANPUR,UTTAR PRADESH,INDIA,SULTANPUR-LUCKNOW,MISHRA YATRI PLAZA,CHOLEY BHATUREY,DINE IN ,2,INDIAN SNACKS,NO,ONLINE,160,4.1,4.5,16
18-02-2019,MOR-4565,Himanshu Mathew,117645,SULTANPUR,UTTAR PRADESH,INDIA,SULTANPUR-LUCKNOW,MISHRA YATRI PLAZA,CHOLEY BHATUREY,DINE IN ,2,INDIAN SNACKS,NO,ONLINE,160,4.3,3.1,16
17-02-2019,MOR-6488,Himanshu Mishra,117645,SULTANPUR,UTTAR PRADESH,INDIA,SULTANPUR-LUCKNOW,MISHRA YATRI PLAZA,CHOLEY SAMOSE,DINE IN ,2,INDIAN SNACKS,YES,ONLINE,80,4.5,4.8,8
17-02-2019,MOR-4333,Aniruddh Narula,117645,SULTANPUR,UTTAR PRADESH,INDIA,SULTANPUR-LUCKNOW,MISHRA YATRI PLAZA,CHOLEY SAMOSE,DINE IN ,2,INDIAN SNACKS,YES,ONLINE,80,4.4,4.5,8
17-02-2019,MOR-7788,Bishnu Kunda,117645,SULTANPUR,UTTAR PRADESH,INDIA,SULTANPUR-LUCKNOW,MISHRA YATRI PLAZA,ALOO TIKKY,DINE IN ,2,INDIAN SNACKS,YES,ONLINE,120,4.5,4.4,12
17-02-2019,MOR-7446,Bagwati Walia,117645,SULTANPUR,UTTAR PRADESH,INDIA,SULTANPUR-LUCKNOW,MISHRA YATRI PLAZA,ALOO TIKKY,DINE IN ,2,INDIAN SNACKS,YES,ONLINE,120,3.5,3.1,12
17-02-2019,MOR-5317,Abhinav Raman,117645,SULTANPUR,UTTAR PRADESH,INDIA,SULTANPUR-LUCKNOW,MISHRA YATRI PLAZA,DAHI BHALLA,DINE IN ,2,INDIAN SNACKS,YES,ONLINE,140,4,3.9,14
17-02-2019,MOR-5363,Bharat Kumer,117645,SULTANPUR,UTTAR PRADESH,INDIA,SULTANPUR-LUCKNOW,MISHRA YATRI PLAZA,PEPSI,DINE IN ,1,BEVERAGES,YES,ONLINE,80,4.3,4.3,8
17-02-2019,MOR-6082,Kusum Natarajan,125467,LUCKNOW,UTTAR PRADESH,INDIA,LUCKNOW-SULTANPUR,MISHRA YATRI PLAZA,CHOWMIN,DINE IN ,1,FAST FOOD,YES,CASH,80,4.5,4.3,8
17-02-2019,MOR-5118,Umesh Chaudhry,125467,LUCKNOW,UTTAR PRADESH,INDIA,LUCKNOW-SULTANPUR,MISHRA YATRI PLAZA,BURGER,DINE IN ,1,FAST FOOD,NO,CASH,80,4.4,3.1,8
17-02-2019,MOR-7523,Himanshu Bisht,125467,LUCKNOW,UTTAR PRADESH,INDIA,LUCKNOW-SULTANPUR,MISHRA YATRI PLAZA,PASTA,DINE IN ,1,FAST FOOD,NO,ONLINE,100,4.4,4,10
17-02-2019,MOR-7441,Nishtha Varughese,125467,LUCKNOW,UTTAR PRADESH,INDIA,LUCKNOW-SULTANPUR,MISHRA YATRI PLAZA,BURGER,DINE IN ,1,FAST FOOD,NO,ONLINE,80,3.5,3.1,8
17-02-2019,MOR-7291,Arpit Gopal,125467,LUCKNOW,UTTAR PRADESH,INDIA,LUCKNOW-SULTANPUR,MISHRA YATRI PLAZA,DOSA,DINE IN ,1,SOUTH INDIAN,YES,ONLINE,80,4.2,4.1,8
17-02-2019,MOR-7564,Neha Hari,125467,LUCKNOW,UTTAR PRADESH,INDIA,LUCKNOW-SULTANPUR,MISHRA YATRI PLAZA,ALOO TIKKY,DINE IN ,1,INDIAN SNACKS,YES,CASH,60,4.5,4.6,6
17-02-2019,MOR-7784,Faisal Nori,125467,LUCKNOW,UTTAR PRADESH,INDIA,LUCKNOW-SULTANPUR,MISHRA YATRI PLAZA,CHOLEY SAMOSE,DINE OUT,1,INDIAN SNACKS,YES,ONLINE,40,3.5,3.7,4
16-02-2019,MOR-5624,Nancy Ramanathan,125467,LUCKNOW,UTTAR PRADESH,INDIA,LUCKNOW-SULTANPUR,MISHRA YATRI PLAZA,CHOLEY BHATUREY,DINE OUT,1,INDIAN SNACKS,YES,ONLINE,80,4.5,3.4,8
16-02-2019,MOR-5428,Indrani Bail,125467,LUCKNOW,UTTAR PRADESH,INDIA,LUCKNOW-SULTANPUR,MISHRA YATRI PLAZA,CHOLEY SAMOSE,DINE OUT,1,INDIAN SNACKS,YES,CASH,40,4.7,4.5,4
16-02-2019,MOR-6293,Ishat Merchant,125467,LUCKNOW,UTTAR PRADESH,INDIA,LUCKNOW-SULTANPUR,MISHRA YATRI PLAZA,CHOLEY BHATUREY,DINE OUT,2,INDIAN SNACKS,YES,ONLINE,80,4.5,4.4,8
16-02-2019,MOR-5631,Preeti Yadav,125467,LUCKNOW,UTTAR PRADESH,INDIA,LUCKNOW-SULTANPUR,MISHRA YATRI PLAZA,PAPDI CHAAT,DINE OUT,1,INDIAN SNACKS,YES,ONLINE,80,4.5,3.1,8
